date,contract_month,roll_day,open,high,low,close,adjusted_open,adjusted_high,adjusted_low,adjusted_close,volume,open_interest
2020-01-02,202001,false,12044,12120,12023,12101,8418,8494,8397,8475,100401,87608
2020-01-03,202001,false,12180,12198,11996,12087,8554,8572,8370,8461,172660,85123
2020-01-06,202001,false,12017,12034,11948,11949,8391,8408,8322,8323,118380,86049
2020-01-07,202001,false,11995,12009,11816,11871,8369,8383,8190,8245,157264,82993
2020-01-08,202001,false,11728,11892,11697,11788,8102,8266,8071,8162,158971,81175
2020-01-09,202001,false,11919,11998,11883,11969,8293,8372,8257,8343,115014,80949
2020-01-10,202001,false,12005,12042,11953,12011,8379,8416,8327,8385,114171,72684
2020-01-13,202001,false,12085,12121,12044,12116,8459,8495,8418,8490,142642,58810
2020-01-14,202002,true,12156,12171,12122,12155,8556,8571,8522,8555,37503,61784
2020-01-15,202002,false,12139,12148,12042,12054,8539,8548,8442,8454,65151,76515
2020-01-16,202002,false,12040,12078,11990,12052,8440,8478,8390,8452,106272,78587
2020-01-17,202002,false,12103,12118,12029,12071,8503,8518,8429,8471,101199,77466
2020-01-20,202002,false,12119,12160,12097,12111,8519,8560,8497,8511,77557,77182
2020-01-30,202002,false,11770,11798,11366,11372,8170,8198,7766,7772,248664,86323
2020-01-31,202002,false,11460,11567,11407,11469,7860,7967,7807,7869,154361,84049
2020-02-03,202002,false,11285,11370,11152,11324,7685,7770,7552,7724,206381,84916
2020-02-04,202002,false,11373,11557,11362,11534,7773,7957,7762,7934,145462,81907
2020-02-05,202002,false,11603,11620,11474,11542,8003,8020,7874,7942,155144,80299
2020-02-06,202002,false,11651,11744,11628,11739,8051,8144,8028,8139,122911,81655
2020-02-07,202002,false,11660,11666,11566,11589,8060,8066,7966,7989,125747,76980
2020-02-10,202002,false,11455,11598,11402,11565,7855,7998,7802,7965,147183,77151
2020-02-11,202002,false,11625,11689,11613,11664,8025,8089,8013,8064,92406,75559
2020-02-12,202002,false,11663,11797,11647,11770,8063,8197,8047,8170,105501,79401
2020-02-13,202002,false,11798,11837,11762,11775,8198,8237,8162,8175,110031,77110
2020-02-14,202002,false,11757,11852,11755,11810,8157,8252,8155,8210,102988,72508
2020-02-17,202002,false,11710,11792,11702,11769,8110,8192,8102,8169,109882,56156
2020-02-18,202003,true,11699,11699,11610,11629,8110,8110,8021,8040,46058,65152
2020-02-19,202003,false,11657,11787,11621,11763,8068,8198,8032,8174,70098,73479
2020-02-20,202003,false,11820,11830,11679,11713,8231,8241,8090,8124,137132,74865
2020-02-21,202003,false,11665,11765,11636,11663,8076,8176,8047,8074,139432,75344
2020-02-24,202003,false,11509,11587,11476,11511,7920,7998,7887,7922,136123,79312
2020-02-25,202003,false,11400,11561,11386,11541,7811,7972,7797,7952,148777,81168
2020-02-26,202003,false,11383,11482,11365,11421,7794,7893,7776,7832,162698,80774
2020-02-27,202003,false,11395,11447,11237,11276,7806,7858,7648,7687,168661,82289
2020-03-02,202003,false,11011,11278,11005,11176,7422,7689,7416,7587,203861,85979
2020-03-03,202003,false,11313,11375,11278,11321,7724,7786,7689,7732,165499,81816
2020-03-04,202003,false,11348,11369,11267,11358,7759,7780,7678,7769,142617,83414
2020-03-05,202003,false,11450,11501,11428,11491,7861,7912,7839,7902,112997,88673
2020-03-06,202003,false,11400,11420,11260,11269,7811,7831,7671,7680,154698,86748
2020-03-09,202003,false,10975,11108,10916,10951,7386,7519,7327,7362,213069,85921
2020-03-10,202003,false,10830,10996,10779,10981,7241,7407,7190,7392,209076,83209
2020-03-11,202003,false,10979,11029,10807,10824,7390,7440,7218,7235,183871,83903
2020-03-12,202003,false,10750,10765,10161,10362,7161,7176,6572,6773,331510,91379
2020-03-13,202003,false,9749,10147,9450,10027,6160,6558,5861,6438,348943,94984
2020-03-16,202003,false,9919,10055,9636,9679,6330,6466,6047,6090,260020,70351
2020-03-17,202004,true,9200,9557,9156,9205,5777,6134,5733,5782,66897,75028
2020-03-18,202004,false,9250,9309,8914,8919,5827,5886,5491,5496,127004,93069
2020-03-19,202004,false,8820,8872,8268,8356,5397,5449,4845,4933,307231,104495
2020-03-20,202004,false,8562,9166,8544,9041,5139,5743,5121,5618,266159,97916
2020-03-23,202004,false,8609,8868,8555,8665,5186,5445,5132,5242,180341,102203
2020-03-24,202004,false,8998,9295,8986,9193,5575,5872,5563,5770,179105,93814
2020-03-25,202004,false,9410,9624,9370,9585,5987,6201,5947,6162,209717,84344
2020-03-26,202004,false,9679,9690,9426,9631,6256,6267,6003,6208,190488,81036
2020-03-27,202004,false,9899,9910,9548,9579,6476,6487,6125,6156,187676,80664
2020-03-30,202004,false,9376,9576,9266,9566,5953,6153,5843,6143,164970,82356
2020-03-31,202004,false,9666,9717,9495,9595,6243,6294,6072,6172,142747,83397
2020-04-01,202004,false,9588,9650,9551,9555,6165,6227,6128,6132,116273,83725
2020-04-06,202004,false,9741,9860,9582,9823,6318,6437,6159,6400,146380,82196
2020-04-07,202004,false,9955,10020,9878,9998,6532,6597,6455,6575,137022,81049
2020-04-08,202004,false,9950,10135,9945,10122,6527,6712,6522,6699,130314,80878
2020-04-09,202004,false,10131,10197,10028,10100,6708,6774,6605,6677,135819,80629
2020-04-10,202004,false,10038,10140,10030,10133,6615,6717,6607,6710,74244,79143
2020-04-13,202004,false,10084,10149,10031,10079,6661,6726,6608,6656,124231,57207
2020-04-14,202005,true,10012,10273,10001,10263,6669,6930,6658,6920,46563,61886
2020-04-15,202005,false,10270,10366,10245,10325,6927,7023,6902,6982,54271,69366
2020-04-16,202005,false,10177,10343,10161,10301,6834,7000,6818,6958,117908,74924
2020-04-17,202005,false,10575,10669,10456,10563,7232,7326,7113,7220,159024,74507
2020-04-20,202005,false,10515,10560,10458,10475,7172,7217,7115,7132,95719,76238
2020-04-21,202005,false,10406,10467,10144,10196,7063,7124,6801,6853,185566,84193
2020-04-22,202005,false,10145,10226,10065,10222,6802,6883,6722,6879,140413,81780
2020-04-23,202005,false,10268,10402,10154,10292,6925,7059,6811,6949,167258,80199
2020-04-24,202005,false,10231,10292,10211,10268,6888,6949,6868,6925,104624,80100
2020-04-27,202005,false,10373,10567,10368,10545,7030,7224,7025,7202,123332,83798
2020-04-28,202005,false,10600,10605,10480,10583,7257,7262,7137,7240,110417,82619
2020-04-29,202005,false,10655,10770,10631,10709,7312,7427,7288,7366,114379,84001
2020-04-30,202005,false,10813,10971,10803,10947,7470,7628,7460,7604,115419,82151
2020-05-04,202005,false,10540,10699,10477,10610,7197,7356,7134,7267,133437,79826
2020-05-05,202005,false,10717,10795,10658,10719,7374,7452,7315,7376,110697,79368
2020-05-06,202005,false,10658,10780,10618,10749,7315,7437,7275,7406,123280,79691
2020-05-07,202005,false,10736,10877,10710,10833,7393,7534,7367,7490,116774,81556
2020-05-08,202005,false,10893,10956,10853,10894,7550,7613,7510,7551,106019,81650
2020-05-11,202005,false,10979,11038,10935,10982,7636,7695,7592,7639,93372,81804
2020-05-12,202005,false,10902,10932,10802,10865,7559,7589,7459,7522,117000,80674
2020-05-13,202005,false,10783,10925,10776,10914,7440,7582,7433,7571,103023,80579
2020-05-14,202005,false,10828,10877,10738,10749,7485,7534,7395,7406,128433,79237
2020-05-15,202005,false,10830,10869,10701,10817,7487,7526,7358,7474,135179,68025
2020-05-18,202005,false,10768,10824,10724,10761,7425,7481,7381,7418,134342,47753
2020-05-19,202006,true,10869,10895,10796,10803,7591,7617,7518,7525,35574,64208
2020-05-20,202006,false,10849,10898,10808,10851,7571,7620,7530,7573,57754,75675
2020-05-21,202006,false,10903,11008,10894,10953,7625,7730,7616,7675,116771,80534
2020-05-22,202006,false,10928,10935,10723,10744,7650,7657,7445,7466,137601,82807
2020-05-25,202006,false,10800,10840,10651,10821,7522,7562,7373,7543,120809,78195
2020-05-26,202006,false,10896,11027,10891,10984,7618,7749,7613,7706,106978,82589
2020-05-27,202006,false,10962,11037,10926,10973,7684,7759,7648,7695,103162,79890
2020-05-28,202006,false,11066,11077,10856,10911,7788,7799,7578,7633,142469,79493
2020-05-29,202006,false,10888,10950,10806,10919,7610,7672,7528,7641,115914,80552
2020-06-01,202006,false,10983,11103,10971,11057,7705,7825,7693,7779,105285,84173
2020-06-02,202006,false,11080,11140,11072,11107,7802,7862,7794,7829,83041,82263
2020-06-03,202006,false,11250,11299,11206,11283,7972,8021,7928,8005,109433,84902
2020-06-04,202006,false,11419,11425,11306,11358,8141,8147,8028,8080,109338,80932
2020-06-05,202006,false,11399,11473,11377,11457,8121,8195,8099,8179,85304,84404
2020-06-08,202006,false,11550,11626,11491,11570,8272,8348,8213,8292,107836,81247
2020-06-09,202006,false,11596,11622,11521,11606,8318,8344,8243,8328,90763,83646
2020-06-10,202006,false,11634,11730,11596,11704,8356,8452,8318,8426,95474,84424
2020-06-11,202006,false,11689,11738,11475,11491,8411,8460,8197,8213,144385,83836
2020-06-12,202006,false,11331,11432,11250,11391,8053,8154,7972,8113,138977,75548
2020-06-15,202006,false,11356,11446,11216,11225,8078,8168,7938,7947,162092,49266
2020-06-16,202007,true,11228,11358,11224,11329,8143,8273,8139,8244,43449,72897
2020-06-17,202007,false,11282,11376,11278,11359,8197,8291,8193,8274,57633,79296
2020-06-18,202007,false,11372,11425,11295,11395,8287,8340,8210,8310,115951,81858
2020-06-19,202007,false,11424,11439,11361,11409,8339,8354,8276,8324,94025,81935
2020-06-22,202007,false,11374,11498,11362,11421,8289,8413,8277,8336,114951,87201
2020-06-23,202007,false,11493,11540,11346,11456,8408,8455,8261,8371,140506,87354
2020-06-24,202007,false,11541,11570,11503,11523,8456,8485,8418,8438,90292,87060
2020-06-29,202007,false,11394,11458,11315,11363,8309,8373,8230,8278,126715,85134
2020-06-30,202007,false,11460,11502,11412,11470,8375,8417,8327,8385,84812,85169
2020-07-01,202007,false,11482,11623,11472,11544,8397,8538,8387,8459,102446,89399
2020-07-02,202007,false,11585,11712,11566,11695,8500,8627,8481,8610,92103,92250
2020-07-03,202007,false,11788,11850,11752,11834,8703,8765,8667,8749,92327,91045
2020-07-06,202007,false,11921,12072,11905,12067,8836,8987,8820,8982,107214,92777
2020-07-07,202007,false,12149,12192,11990,12028,9064,9107,8905,8943,134410,88719
2020-07-08,202007,false,12041,12145,12025,12126,8956,9060,8940,9041,103418,88695
2020-07-09,202007,false,12202,12222,12118,12149,9117,9137,9033,9064,112588,85609
2020-07-10,202007,false,12204,12213,11987,11995,9119,9128,8902,8910,140575,77309
2020-07-13,202007,false,12139,12210,12105,12204,9054,9125,9020,9119,116687,55380
2020-07-14,202008,true,11974,12059,11960,12030,9047,9132,9033,9103,47618,67267
2020-07-15,202008,false,12149,12162,12018,12084,9222,9235,9091,9157,65976,75951
2020-07-16,202008,false,12066,12094,11931,12029,9139,9167,9004,9102,133119,79226
2020-07-17,202008,false,12088,12138,12011,12039,9161,9211,9084,9112,112518,80779
2020-07-20,202008,false,12073,12075,11903,12033,9146,9148,8976,9106,121048,81773
2020-07-21,202008,false,12125,12324,12121,12288,9198,9397,9194,9361,123081,89833
2020-07-22,202008,false,12301,12361,12256,12332,9374,9434,9329,9405,95059,87678
2020-07-23,202008,false,12309,12313,12199,12287,9382,9386,9272,9360,122819,87279
2020-07-24,202008,false,12232,12352,12123,12150,9305,9425,9196,9223,172087,87471
2020-07-27,202008,false,12410,12572,12407,12498,9483,9645,9480,9571,140577,84694
2020-07-28,202008,false,12834,12900,12408,12454,9907,9973,9481,9527,245816,84488
2020-07-29,202008,false,12446,12543,12392,12421,9519,9616,9465,9494,138924,86704
2020-07-30,202008,false,12617,12627,12488,12595,9690,9700,9561,9668,126225,85832
2020-07-31,202008,false,12606,12644,12525,12576,9679,9717,9598,9649,130348,87808
2020-08-03,202008,false,12531,12567,12405,12440,9604,9640,9478,9513,134894,92153
2020-08-04,202008,false,12516,12632,12489,12629,9589,9705,9562,9702,111175,92179
2020-08-05,202008,false,12700,12746,12643,12741,9773,9819,9716,9814,106101,90734
2020-08-06,202008,false,12856,12925,12753,12836,9929,9998,9826,9909,141397,89700
2020-08-07,202008,false,12860,12866,12706,12759,9933,9939,9779,9832,114920,89890
2020-08-10,202008,false,12779,12905,12720,12854,9852,9978,9793,9927,109604,89556
2020-08-11,202008,false,12825,12874,12727,12735,9898,9947,9800,9808,106920,88168
2020-08-12,202008,false,12700,12701,12565,12655,9773,9774,9638,9728,131890,82261
2020-08-13,202008,false,12816,12836,12702,12725,9889,9909,9775,9798,113664,77993
2020-08-14,202008,false,12696,12790,12646,12789,9769,9863,9719,9862,105105,70280
2020-08-17,202008,false,12776,12959,12771,12953,9849,10032,9844,10026,126563,54015
2020-08-18,202009,true,12920,12947,12796,12831,10039,10066,9915,9950,42289,66236
2020-08-19,202009,false,12877,12910,12739,12749,9996,10029,9858,9868,71906,79917
2020-08-20,202009,false,12695,12709,12067,12298,9814,9828,9186,9417,237845,90054
2020-08-21,202009,false,12466,12598,12423,12551,9585,9717,9542,9670,134925,87789
2020-08-24,202009,false,12568,12653,12503,12603,9687,9772,9622,9722,103793,87968
2020-08-25,202009,false,12657,12795,12643,12735,9776,9914,9762,9854,111954,90904
2020-08-26,202009,false,12730,12799,12681,12795,9849,9918,9800,9914,86909,88560
2020-08-27,202009,false,12838,12925,12735,12758,9957,10044,9854,9877,126988,85849
2020-08-28,202009,false,12740,12782,12634,12688,9859,9901,9753,9807,138555,86812
2020-08-31,202009,false,12800,12826,12563,12589,9919,9945,9682,9708,142474,90306
2020-09-01,202009,false,12566,12698,12531,12688,9685,9817,9650,9807,114612,89228
2020-09-02,202009,false,12765,12776,12595,12690,9884,9895,9714,9809,127417,85421
2020-09-03,202009,false,12792,12858,12705,12734,9911,9977,9824,9853,130555,86141
2020-09-04,202009,false,12558,12651,12510,12607,9677,9770,9629,9726,130795,86216
2020-09-07,202009,false,12608,12733,12560,12580,9727,9852,9679,9699,137459,84294
2020-09-08,202009,false,12657,12695,12610,12667,9776,9814,9729,9786,110554,86295
2020-09-09,202009,false,12545,12606,12434,12598,9664,9725,9553,9717,153591,88825
2020-09-10,202009,false,12669,12706,12622,12698,9788,9825,9741,9817,111296,87724
2020-09-11,202009,false,12658,12689,12606,12663,9777,9808,9725,9782,114638,77698
2020-09-14,202009,false,12694,12797,12678,12784,9813,9916,9797,9903,127791,61095
2020-09-15,202010,true,12707,12801,12690,12782,9887,9981,9870,9962,44174,74978
2020-09-16,202010,false,12886,12932,12862,12903,10066,10112,10042,10083,62201,86286
2020-09-17,202010,false,12855,12908,12772,12815,10035,10088,9952,9995,119751,91763
2020-09-18,202010,false,12839,12866,12773,12833,10019,10046,9953,10013,95760,93158
2020-09-21,202010,false,12820,12877,12655,12659,10000,10057,9835,9839,140049,100342
2020-09-22,202010,false,12627,12655,12481,12509,9807,9835,9661,9689,130601,101873
2020-09-23,202010,false,12553,12563,12441,12528,9733,9743,9621,9708,117910,99722
2020-09-24,202010,false,12407,12414,12166,12180,9587,9594,9346,9360,171038,101987
2020-09-25,202010,false,12265,12309,12114,12195,9445,9489,9294,9375,128504,97893
2020-09-28,202010,false,12292,12421,12246,12415,9472,9601,9426,9595,94633,101319
2020-09-29,202010,false,12478,12522,12395,12421,9658,9702,9575,9601,103096,100175
2020-09-30,202010,false,12456,12548,12444,12473,9636,9728,9624,9653,107766,97922
2020-10-05,202010,false,12577,12620,12486,12529,9757,9800,9666,9709,93958,95856
2020-10-06,202010,false,12618,12704,12614,12677,9798,9884,9794,9857,99739,98529
2020-10-07,202010,false,12620,12758,12606,12754,9800,9938,9786,9934,89405,96122
2020-10-08,202010,false,12831,12876,12772,12873,10011,10056,9952,10053,99102,95163
2020-10-12,202010,false,12935,12995,12878,12921,10115,10175,10058,10101,106219,94355
2020-10-13,202010,false,12950,12952,12816,12915,10130,10132,9996,10095,99008,94824
2020-10-14,202010,false,12940,12956,12871,12890,10120,10136,10051,10070,82548,93949
2020-10-15,202010,false,12838,12892,12727,12840,10018,10072,9907,10020,130422,89866
2020-10-16,202010,false,12818,12865,12718,12748,9998,10045,9898,9928,116952,80764
2020-10-19,202010,false,12783,12912,12782,12893,9963,10092,9962,10073,127215,59173
2020-10-20,202011,true,12813,12841,12776,12779,10069,10097,10032,10035,44546,78977
2020-10-21,202011,false,12820,12860,12795,12808,10076,10116,10051,10064,52203,86304
2020-10-22,202011,false,12729,12839,12707,12836,9985,10095,9963,10092,100864,93253
2020-10-23,202011,false,12865,12883,12795,12838,10121,10139,10051,10094,78710,91640
2020-10-26,202011,false,12848,12935,12820,12860,10104,10191,10076,10116,90884,95134
2020-10-27,202011,false,12826,12833,12765,12808,10082,10089,10021,10064,82240,96294
2020-10-28,202011,false,12780,12809,12713,12743,10036,10065,9969,9999,88057,97934
2020-10-29,202011,false,12598,12640,12504,12603,9854,9896,9760,9859,119037,98700
2020-10-30,202011,false,12545,12563,12407,12413,9801,9819,9663,9669,121830,101334
2020-11-02,202011,false,12474,12531,12402,12516,9730,9787,9658,9772,97211,99603
2020-11-03,202011,false,12611,12715,12602,12684,9867,9971,9858,9940,90467,102652
2020-11-04,202011,false,12770,12879,12662,12864,10026,10135,9918,10120,149906,101843
2020-11-05,202011,false,12924,12928,12821,12891,10180,10184,10077,10147,90854,102162
2020-11-06,202011,false,12942,12991,12896,12937,10198,10247,10152,10193,100789,104862
2020-11-09,202011,false,13090,13175,13046,13126,10346,10431,10302,10382,117098,107526
2020-11-10,202011,false,13130,13154,13010,13071,10386,10410,10266,10327,110282,102973
2020-11-11,202011,false,13101,13281,13077,13261,10357,10537,10333,10517,109089,105905
2020-11-12,202011,false,13266,13305,13193,13226,10522,10561,10449,10482,93512,98644
2020-11-13,202011,false,13227,13285,13163,13282,10483,10541,10419,10538,90650,93119
2020-11-16,202011,false,13407,13582,13406,13579,10663,10838,10662,10835,132561,66431
2020-11-17,202012,true,13600,13676,13561,13585,10895,10971,10856,10880,48655,83276
2020-11-18,202012,false,13600,13739,13587,13717,10895,11034,10882,11012,66499,96206
2020-11-19,202012,false,13732,13750,13662,13742,11027,11045,10957,11037,95715,97330
2020-11-20,202012,false,13724,13737,13640,13733,11019,11032,10935,11028,85986,95066
2020-11-23,202012,false,13790,13943,13788,13873,11085,11238,11083,11168,115103,93746
2020-11-24,202012,false,13921,13928,13777,13799,11216,11223,11072,11094,89096,92499
2020-11-25,202012,false,13886,13909,13692,13712,11181,11204,10987,11007,123391,93748
2020-11-26,202012,false,13788,13862,13741,13839,11083,11157,11036,11134,97189,96625
2020-11-27,202012,false,13781,13890,13763,13878,11076,11185,11058,11173,94853,95428
2020-11-30,202012,false,13883,13975,13704,13720,11178,11270,10999,11015,134279,97281
2020-12-01,202012,false,13818,13885,13751,13875,11113,11180,11046,11170,91672,98105
2020-12-02,202012,false,13932,13980,13855,13955,11227,11275,11150,11250,110308,96199
2020-12-03,202012,false,13971,14047,13903,13982,11266,11342,11198,11277,125877,92052
2020-12-04,202012,false,14022,14149,14012,14133,11317,11444,11307,11428,110715,95814
2020-12-07,202012,false,14181,14247,14087,14220,11476,11542,11382,11515,125628,90130
2020-12-08,202012,false,14206,14350,14156,14340,11501,11645,11451,11635,111313,89681
2020-12-09,202012,false,14372,14425,14331,14397,11667,11720,11626,11692,96545,88150
2020-12-10,202012,false,14261,14314,14178,14237,11556,11609,11473,11532,126413,84999
2020-12-11,202012,false,14290,14340,14091,14237,11585,11635,11386,11532,159011,79413
2020-12-14,202012,false,14264,14285,14197,14201,11559,11580,11492,11496,120593,57740
2020-12-15,202101,true,14045,14099,13929,13979,11445,11499,11329,11379,45649,78135
2020-12-16,202101,false,14086,14207,14072,14189,11486,11607,11472,11589,51571,87349
2020-12-17,202101,false,14220,14225,14085,14186,11620,11625,11485,11586,116139,90580
2020-12-18,202101,false,14190,14222,14128,14136,11590,11622,11528,11536,89422,92795
2020-12-21,202101,false,14155,14313,14021,14309,11555,11713,11421,11709,135177,96348
2020-12-22,202101,false,14253,14334,14042,14046,11653,11734,11442,11446,136896,92798
2020-12-23,202101,false,14104,14181,14031,14114,11504,11581,11431,11514,115346,90615
2020-12-24,202101,false,14185,14287,14179,14242,11585,11687,11579,11642,106221,92621
2020-12-25,202101,false,14328,14383,14245,14304,11728,11783,11645,11704,88875,91293
2020-12-28,202101,false,14329,14444,14320,14436,11729,11844,11720,11836,82692,97682
2020-12-29,202101,false,14465,14466,14376,14458,11865,11866,11776,11858,80587,93380
2020-12-30,202101,false,14451,14643,14440,14636,11851,12043,11840,12036,97857,97732
2020-12-31,202101,false,14678,14712,14604,14678,12078,12112,12004,12078,96684,95189
2021-01-04,202101,false,14640,14925,14635,14873,12040,12325,12035,12273,137069,96894
2021-01-05,202101,false,14874,14980,14836,14976,12274,12380,12236,12376,110886,96044
2021-01-06,202101,false,15048,15140,14764,14911,12448,12540,12164,12311,233806,93545
2021-01-07,202101,false,15050,15260,15024,15226,12450,12660,12424,12626,151918,96154
2021-01-08,202101,false,15376,15473,15264,15451,12776,12873,12664,12851,158703,95314
2021-01-11,202101,false,15420,15538,15369,15531,12820,12938,12769,12931,139479,95732
2021-01-12,202101,false,15517,15605,15407,15489,12917,13005,12807,12889,175838,96686
2021-01-13,202101,false,15557,15790,15555,15759,12957,13190,12955,13159,154811,99559
2021-01-14,202101,false,15705,15766,15632,15727,13105,13166,13032,13127,121305,96100
2021-01-15,202101,false,15950,16002,15584,15632,13350,13402,12984,13032,231505,85266
2021-01-18,202101,false,15637,15679,15327,15608,13037,13079,12727,13008,200935,66865
2021-01-19,202102,true,15651,15896,15651,15845,13094,13339,13094,13288,47216,63754
2021-01-20,202102,false,15845,15899,15678,15733,13288,13342,13121,13176,93143,77727
2021-01-21,202102,false,15803,16183,15769,16125,13246,13626,13212,13568,231416,81399
2021-01-22,202102,false,16051,16085,15928,15977,13494,13528,13371,13420,161218,84234
2021-01-25,202102,false,15956,16004,15719,15911,13399,13447,13162,13354,168191,85538
2021-01-26,202102,false,15865,15974,15537,15628,13308,13417,12980,13071,230474,85732
2021-01-27,202102,false,15725,15814,15585,15657,13168,13257,13028,13100,184037,83785
2021-01-28,202102,false,15411,15524,15305,15382,12854,12967,12748,12825,202151,83747
2021-01-29,202102,false,15498,15539,15063,15070,12941,12982,12506,12513,206011,81764
2021-02-01,202102,false,15156,15398,15090,15362,12599,12841,12533,12805,164870,79896
2021-02-02,202102,false,15469,15820,15459,15752,12912,13263,12902,13195,177487,77165
2021-02-03,202102,false,15864,15875,15716,15773,13307,13318,13159,13216,145093,67097
2021-02-04,202102,false,15721,15777,15542,15696,13164,13220,12985,13139,179004,49701
2021-02-05,202103,true,15731,15897,15668,15713,13263,13429,13200,13245,31058,58507
2021-02-17,202103,false,16128,16353,16100,16330,13660,13885,13632,13862,67559,72817
2021-02-18,202103,false,16374,16525,16287,16380,13906,14057,13819,13912,152979,78450
2021-02-19,202103,false,16301,16328,16130,16309,13833,13860,13662,13841,152680,77388
2021-02-22,202103,false,16480,16564,16336,16382,14012,14096,13868,13914,151539,79173
2021-02-23,202103,false,16223,16451,16182,16434,13755,13983,13714,13966,136807,81294
2021-02-24,202103,false,16300,16435,16133,16181,13832,13967,13665,13713,180413,81350
2021-02-25,202103,false,16388,16422,16243,16387,13920,13954,13775,13919,135256,78430
2021-02-26,202103,false,16037,16118,15852,15931,13569,13650,13384,13463,197795,83132
2021-03-02,202103,false,16249,16277,15868,15904,13781,13809,13400,13436,146577,83021
2021-03-03,202103,false,16000,16196,15885,16179,13532,13728,13417,13711,153225,80831
2021-03-04,202103,false,16025,16066,15756,15922,13557,13598,13288,13454,198855,78228
2021-03-05,202103,false,15601,15914,15570,15847,13133,13446,13102,13379,168446,78960
2021-03-08,202103,false,15950,16095,15767,15819,13482,13627,13299,13351,175531,78463
2021-03-09,202103,false,15810,15848,15608,15822,13342,13380,13140,13354,171528,77641
2021-03-10,202103,false,15977,15986,15808,15885,13509,13518,13340,13417,136272,74212
2021-03-11,202103,false,15951,16214,15942,16169,13483,13746,13474,13701,135436,75792
2021-03-12,202103,false,16276,16288,16155,16223,13808,13820,13687,13755,116406,67847
2021-03-15,202103,false,16206,16249,16142,16199,13738,13781,13674,13731,125844,49663
2021-03-16,202104,true,16192,16284,16154,16242,13787,13879,13749,13837,38166,64011
2021-03-17,202104,false,16252,16274,16116,16158,13847,13869,13711,13753,57926,77065
2021-03-18,202104,false,16255,16401,16220,16235,13850,13996,13815,13830,138744,81291
2021-03-19,202104,false,16100,16110,15953,16010,13695,13705,13548,13605,149724,82807
2021-03-22,202104,false,16018,16174,15911,16137,13613,13769,13506,13732,134577,81143
2021-03-23,202104,false,16223,16277,16103,16119,13818,13872,13698,13714,117179,81288
2021-03-24,202104,false,16019,16062,15939,15981,13614,13657,13534,13576,131876,82173
2021-03-25,202104,false,15890,16090,15870,16030,13485,13685,13465,13625,136413,80915
2021-03-26,202104,false,16095,16293,16081,16285,13690,13888,13676,13880,123696,85348
2021-03-29,202104,false,16370,16485,16350,16408,13965,14080,13945,14003,112333,82927
2021-03-30,202104,false,16469,16531,16418,16520,14064,14126,14013,14115,100799,83442
2021-03-31,202104,false,16540,16549,16403,16423,14135,14144,13998,14018,104772,80305
2021-04-01,202104,false,16535,16587,16452,16549,14130,14182,14047,14144,115342,77860
2021-04-06,202104,false,16760,16840,16697,16728,14355,14435,14292,14323,103549,78295
2021-04-07,202104,false,16777,16788,16673,16767,14372,14383,14268,14362,93030,75515
2021-04-08,202104,false,16715,16930,16687,16927,14310,14525,14282,14522,111596,78584
2021-04-09,202104,false,16952,16971,16810,16839,14547,14566,14405,14434,103181,74391
2021-04-12,202104,false,16895,16965,16760,16835,14490,14560,14355,14430,113383,73388
2021-04-13,202104,false,16910,17046,16780,16793,14505,14641,14375,14388,150603,73210
2021-04-14,202104,false,16860,16917,16592,16857,14455,14512,14187,14452,185298,68160
2021-04-15,202104,false,16881,17074,16852,17069,14476,14669,14447,14664,132033,69647
2021-04-16,202104,false,17062,17160,16990,17156,14657,14755,14585,14751,127426,67187
2021-04-19,202104,false,17118,17296,17111,17269,14713,14891,14706,14864,124734,47797
2021-04-20,202105,true,17175,17259,17154,17257,14833,14917,14812,14915,29202,57269
2021-04-21,202105,false,17164,17194,17088,17135,14822,14852,14746,14793,57490,67688
2021-04-22,202105,false,17258,17369,17053,17106,14916,15027,14711,14764,189953,73534
2021-04-23,202105,false,17061,17260,17041,17255,14719,14918,14699,14913,122696,75424
2021-04-26,202105,false,17337,17536,17323,17526,14995,15194,14981,15184,128096,79329
2021-04-27,202105,false,17532,17576,17460,17570,15190,15234,15118,15228,120862,79508
2021-04-28,202105,false,17548,17563,17475,17533,15206,15221,15133,15191,101986,78504
2021-04-29,202105,false,17578,17702,17531,17569,15236,15360,15189,15227,150499,77720
2021-05-03,202105,false,17501,17534,17226,17254,15159,15192,14884,14912,184441,81995
2021-05-04,202105,false,17271,17309,16668,16931,14929,14967,14326,14589,243802,82745
2021-05-05,202105,false,16847,17020,16756,16765,14505,14678,14414,14423,157298,80438
2021-05-06,202105,false,16884,17081,16700,16945,14542,14739,14358,14603,197754,78280
2021-05-07,202105,false,17120,17288,17060,17283,14778,14946,14718,14941,142796,78603
2021-05-10,202105,false,17369,17373,17178,17229,15027,15031,14836,14887,126289,77112
2021-05-11,202105,false,16968,16970,16425,16561,14626,14628,14083,14219,245767,77052
2021-05-12,202105,false,16503,16531,15027,15697,14161,14189,12685,13355,366512,71506
2021-05-13,202105,false,15538,15991,15348,15566,13196,13649,13006,13224,234182,70065
2021-05-14,202105,false,15800,16021,15653,15766,13458,13679,13311,13424,218712,63874
2021-05-17,202105,false,15183,15735,15096,15263,12841,13393,12754,12921,275831,41541
2021-05-18,202106,true,15471,16119,15431,16086,13190,13838,13150,13805,45462,62035
2021-05-19,202106,false,16084,16187,15924,16022,13803,13906,13643,13741,67846,70182
2021-05-20,202106,false,16078,16113,15854,15974,13797,13832,13573,13693,158770,71749
2021-05-21,202106,false,16222,16425,16072,16259,13941,14144,13791,13978,185232,71496
2021-05-24,202106,false,16079,16368,16069,16291,13798,14087,13788,14010,138416,74661
2021-05-25,202106,false,16463,16623,16425,16584,14182,14342,14144,14303,145492,72440
2021-05-26,202106,false,16616,16664,16504,16614,14335,14383,14223,14333,104686,72601
2021-05-27,202106,false,16593,16595,16219,16533,14312,14314,13938,14252,150465,69299
2021-05-28,202106,false,16731,16878,16673,16863,14450,14597,14392,14582,124240,72521
2021-05-31,202106,false,16891,17098,16884,17011,14610,14817,14603,14730,144649,70703
2021-06-01,202106,false,17050,17148,17015,17131,14769,14867,14734,14850,116773,73727
2021-06-02,202106,false,17171,17198,17016,17102,14890,14917,14735,14821,121046,72320
2021-06-03,202106,false,17253,17313,17147,17226,14972,15032,14866,14945,130148,73447
2021-06-04,202106,false,17051,17159,17025,17103,14770,14878,14744,14822,109068,75217
2021-06-07,202106,false,17212,17229,16719,17090,14931,14948,14438,14809,176148,72925
2021-06-08,202106,false,17190,17198,17030,17090,14909,14917,14749,14809,102605,72554
2021-06-09,202106,false,16997,17073,16889,16959,14716,14792,14608,14678,120368,73434
2021-06-10,202106,false,17035,17175,16992,17157,14754,14894,14711,14876,127407,71747
2021-06-11,202106,false,17189,17298,17189,17217,14908,15017,14908,14936,120701,53196
2021-06-15,202107,true,17190,17276,17158,17272,15034,15120,15002,15116,37834,53040
2021-06-16,202107,false,17185,17302,17178,17239,15029,15146,15022,15083,51936,66374
2021-06-17,202107,false,17070,17298,17039,17295,14914,15142,14883,15139,102114,74392
2021-06-18,202107,false,17315,17332,17212,17254,15159,15176,15056,15098,96349,71770
2021-06-21,202107,false,17048,17149,16891,16963,14892,14993,14735,14807,143363,75176
2021-06-22,202107,false,17155,17180,16988,17026,14999,15024,14832,14870,101124,72691
2021-06-23,202107,false,17100,17319,17059,17267,14944,15163,14903,15111,127143,76821
2021-06-24,202107,false,17298,17398,17261,17338,15142,15242,15105,15182,92809,76502
2021-06-25,202107,false,17438,17562,17377,17423,15282,15406,15221,15267,113764,72314
2021-06-28,202107,false,17484,17560,17398,17533,15328,15404,15242,15377,82055,73909
2021-06-29,202107,false,17595,17623,17451,17530,15439,15467,15295,15374,115306,73073
2021-06-30,202107,false,17610,17766,17583,17712,15454,15610,15427,15556,104462,76767
2021-07-01,202107,false,17678,17774,17555,17646,15522,15618,15399,15490,122682,73071
2021-07-02,202107,false,17651,17724,17588,17649,15495,15568,15432,15493,101454,72240
2021-07-05,202107,false,17755,17920,17742,17896,15599,15764,15586,15740,107714,76556
2021-07-06,202107,false,17956,17974,17858,17875,15800,15818,15702,15719,84492,74329
2021-07-07,202107,false,17821,17906,17715,17826,15665,15750,15559,15670,109544,72671
2021-07-08,202107,false,17876,17897,17694,17823,15720,15741,15538,15667,116445,72327
2021-07-09,202107,false,17662,17700,17526,17661,15506,15544,15370,15505,138093,71436
2021-07-12,202107,false,17848,17960,17770,17826,15692,15804,15614,15670,127781,71095
2021-07-13,202107,false,17958,18030,17824,17869,15802,15874,15668,15713,123418,73478
2021-07-14,202107,false,17846,17924,17748,17871,15690,15768,15592,15715,120033,69796
2021-07-15,202107,false,17919,18046,17868,18021,15763,15890,15712,15865,103184,70915
2021-07-16,202107,false,17826,17928,17772,17924,15670,15772,15616,15768,109949,67807
2021-07-19,202107,false,17717,17813,17647,17793,15561,15657,15491,15637,144969,45310
2021-07-20,202108,true,17454,17492,17263,17336,15520,15558,15329,15402,33283,53504
2021-07-21,202108,false,17405,17459,17185,17275,15471,15525,15251,15341,70145,68726
2021-07-22,202108,false,17441,17525,17347,17406,15507,15591,15413,15472,125712,70190
2021-07-23,202108,false,17486,17559,17380,17406,15552,15625,15446,15472,115875,70962
2021-07-26,202108,false,17473,17479,17197,17203,15539,15545,15263,15269,108704,73935
2021-07-27,202108,false,17322,17348,17153,17168,15388,15414,15219,15234,118319,72095
2021-07-28,202108,false,17062,17136,16733,16965,15128,15202,14799,15031,203426,69261
2021-07-29,202108,false,17136,17332,17068,17327,15202,15398,15134,15393,123218,69618
2021-07-30,202108,false,17285,17299,17126,17174,15351,15365,15192,15240,117560,67150
2021-08-02,202108,false,17313,17470,17160,17467,15379,15536,15226,15533,131605,69811
2021-08-03,202108,false,17426,17496,17361,17482,15492,15562,15427,15548,95199,69440
2021-08-04,202108,false,17491,17586,17464,17571,15557,15652,15530,15637,89232,71578
2021-08-05,202108,false,17570,17584,17520,17544,15636,15650,15586,15610,65647,70501
2021-08-06,202108,false,17555,17560,17353,17439,15621,15626,15419,15505,110731,67561
2021-08-09,202108,false,17438,17448,17235,17406,15504,15514,15301,15472,124689,67707
2021-08-10,202108,false,17396,17443,17259,17295,15462,15509,15325,15361,109191,68687
2021-08-11,202108,false,17217,17298,17078,17170,15283,15364,15144,15236,141084,69071
2021-08-12,202108,false,17207,17235,17125,17158,15273,15301,15191,15224,91671,67442
2021-08-13,202108,false,17185,17190,16934,16936,15251,15256,15000,15002,150070,68855
2021-08-16,202108,false,16829,16936,16750,16774,14895,15002,14816,14840,150977,47264
2021-08-17,202109,true,16726,16760,16465,16468,14902,14936,14641,14644,37027,55060
2021-08-18,202109,false,16313,16720,16300,16701,14489,14896,14476,14877,79695,68297
2021-08-19,202109,false,16611,16648,16256,16328,14787,14824,14432,14504,196641,72973
2021-08-20,202109,false,16297,16426,16145,16188,14473,14602,14321,14364,175910,71229
2021-08-23,202109,false,16427,16729,16393,16679,14603,14905,14569,14855,127852,73199
2021-08-24,202109,false,16822,16842,16717,16781,14998,15018,14893,14957,90436,73676
2021-08-25,202109,false,16794,16982,16785,16962,14970,15158,14961,15138,109545,76040
2021-08-26,202109,false,17103,17125,16882,16993,15279,15301,15058,15169,127120,71277
2021-08-27,202109,false,16940,17218,16908,17172,15116,15394,15084,15348,122558,72437
2021-08-30,202109,false,17249,17353,17206,17335,15425,15529,15382,15511,95679,73830
2021-08-31,202109,false,17276,17468,17144,17455,15452,15644,15320,15631,138468,77298
2021-09-01,202109,false,17408,17500,17363,17474,15584,15676,15539,15650,111022,78206
2021-09-02,202109,false,17434,17507,17266,17319,15610,15683,15442,15495,137473,73630
2021-09-03,202109,false,17442,17553,17370,17508,15618,15729,15546,15684,114430,75343
2021-09-06,202109,false,17440,17596,17425,17493,15616,15772,15601,15669,120721,73490
2021-09-07,202109,false,17522,17529,17337,17424,15698,15705,15513,15600,125371,70273
2021-09-08,202109,false,17395,17426,17163,17260,15571,15602,15339,15436,151809,69169
2021-09-09,202109,false,17142,17291,17084,17238,15318,15467,15260,15414,125037,67446
2021-09-10,202109,false,17300,17479,17284,17473,15476,15655,15460,15649,111079,66164
2021-09-13,202109,false,17434,17492,17356,17441,15610,15668,15532,15617,120401,47546
2021-09-14,202110,true,17433,17488,17366,17404,15667,15722,15600,15638,34691,50290
2021-09-15,202110,false,17382,17382,17228,17328,15616,15616,15462,15562,59596,59768
2021-09-16,202110,false,17337,17362,17191,17247,15571,15596,15425,15481,93340,64304
2021-09-17,202110,false,17256,17395,17165,17294,15490,15629,15399,15528,117752,65234
2021-09-22,202110,false,16835,16940,16751,16900,15069,15174,14985,15134,134553,64864
2021-09-23,202110,false,17020,17130,16985,17080,15254,15364,15219,15314,99807,67916
2021-09-24,202110,false,17191,17275,17170,17248,15425,15509,15404,15482,94226,70605
2021-09-27,202110,false,17247,17344,17222,17292,15481,15578,15456,15526,94562,72642
2021-09-28,202110,false,17182,17183,17042,17170,15416,15417,15276,15404,103595,70205
2021-09-29,202110,false,16926,16937,16760,16818,15160,15171,14994,15052,148685,72854
2021-09-30,202110,false,16803,16966,16704,16919,15037,15200,14938,15153,129398,73590
2021-10-01,202110,false,16800,16805,16415,16518,15034,15039,14649,14752,162836,74572
2021-10-04,202110,false,16588,16629,16313,16361,14822,14863,14547,14595,140802,73770
2021-10-05,202110,false,16240,16424,16107,16395,14474,14658,14341,14629,151416,70941
2021-10-06,202110,false,16470,16493,16265,16362,14704,14727,14499,14596,136018,69014
2021-10-07,202110,false,16521,16760,16519,16699,14755,14994,14753,14933,123808,72720
2021-10-08,202110,false,16740,16759,16591,16625,14974,14993,14825,14859,101077,71049
2021-10-12,202110,false,16485,16489,16285,16419,14719,14723,14519,14653,138434,70193
2021-10-13,202110,false,16520,16585,16318,16321,14754,14819,14552,14555,114897,68678
2021-10-14,202110,false,16496,16546,16354,16402,14730,14780,14588,14636,104604,68752
2021-10-15,202110,false,16654,16790,16570,16780,14888,15024,14804,15014,109050,67246
2021-10-18,202110,false,16800,16870,16705,16721,15034,15104,14939,14955,109628,47277
2021-10-19,202111,true,16780,16920,16758,16875,15042,15182,15020,15137,34604,50957
2021-10-20,202111,false,16921,16955,16855,16887,15183,15217,15117,15149,44313,61445
2021-10-21,202111,false,16879,17047,16812,16815,15141,15309,15074,15077,117754,67242
2021-10-22,202111,false,16877,16913,16770,16853,15139,15175,15032,15115,98819,67775
2021-10-25,202111,false,16788,16930,16731,16891,15050,15192,14993,15153,97221,68802
2021-10-26,202111,false,16975,17073,16948,17044,15237,15335,15210,15306,92092,72574
2021-10-27,202111,false,16944,17088,16928,17068,15206,15350,15190,15330,85950,72197
2021-10-28,202111,false,17013,17103,16984,17039,15275,15365,15246,15301,85288,71677
2021-10-29,202111,false,17061,17074,16858,16946,15323,15336,15120,15208,111444,71292
2021-11-01,202111,false,17040,17130,17028,17080,15302,15392,15290,15342,79806,72469
2021-11-02,202111,false,17167,17255,17004,17047,15429,15517,15266,15309,109134,74782
2021-11-03,202111,false,17081,17127,17040,17091,15343,15389,15302,15353,72076,72355
2021-11-04,202111,false,17269,17280,17050,17073,15531,15542,15312,15335,90112,72200
2021-11-05,202111,false,17150,17279,17106,17269,15412,15541,15368,15531,90064,74883
2021-11-08,202111,false,17256,17425,17251,17423,15518,15687,15513,15685,77522,76105
2021-11-09,202111,false,17499,17593,17480,17551,15761,15855,15742,15813,80924,73078
2021-11-10,202111,false,17550,17581,17496,17554,15812,15843,15758,15816,75931,71560
2021-11-11,202111,false,17430,17537,17395,17473,15692,15799,15657,15735,84466,69109
2021-11-12,202111,false,17570,17638,17491,17544,15832,15900,15753,15806,91259,66810
2021-11-15,202111,false,17615,17707,17603,17664,15877,15969,15865,15926,102421,48884
2021-11-16,202112,true,17629,17702,17629,17681,15908,15981,15908,15960,33418,55055
2021-11-17,202112,false,17710,17764,17661,17761,15989,16043,15940,16040,42223,67327
2021-11-18,202112,false,17769,17868,17763,17859,16048,16147,16042,16138,87837,74806
2021-11-19,202112,false,17919,17949,17813,17852,16198,16228,16092,16131,82761,73951
2021-11-22,202112,false,17790,17876,17787,17836,16069,16155,16066,16115,58435,76553
2021-11-23,202112,false,17765,17768,17638,17659,16044,16047,15917,15938,102784,76440
2021-11-24,202112,false,17604,17698,17593,17680,15883,15977,15872,15959,76818,76466
2021-11-25,202112,false,17688,17715,17600,17673,15967,15994,15879,15952,66753,76295
2021-11-26,202112,false,17530,17572,17307,17342,15809,15851,15586,15621,129988,77385
2021-11-29,202112,false,17243,17416,17184,17311,15522,15695,15463,15590,120115,74971
2021-11-30,202112,false,17428,17537,17312,17330,15707,15816,15591,15609,111906,76115
2021-12-01,202112,false,17350,17617,17333,17584,15629,15896,15612,15863,103548,78139
2021-12-02,202112,false,17570,17709,17509,17704,15849,15988,15788,15983,108997,74555
2021-12-03,202112,false,17696,17745,17621,17706,15975,16024,15900,15985,79145,74005
2021-12-06,202112,false,17619,17736,17527,17692,15898,16015,15806,15971,91121,77421
2021-12-07,202112,false,17677,17799,17586,17795,15956,16078,15865,16074,94771,75429
2021-12-08,202112,false,17945,17988,17840,17853,16224,16267,16119,16132,94293,71974
2021-12-09,202112,false,17886,17946,17812,17910,16165,16225,16091,16189,79412,71284
2021-12-10,202112,false,17808,17874,17765,17818,16087,16153,16044,16097,73341,69691
2021-12-13,202112,false,17912,17944,17743,17753,16191,16223,16022,16032,102639,46975
2021-12-14,202201,true,17626,17651,17510,17543,15964,15989,15848,15881,38004,59283
2021-12-15,202201,false,17491,17604,17482,17598,15829,15942,15820,15936,42843,70527
2021-12-16,202201,false,17765,17809,17671,17804,16103,16147,16009,16142,84101,75137
2021-12-17,202201,false,17716,17798,17703,17785,16054,16136,16041,16123,78566,75660
2021-12-20,202201,false,17720,17748,17564,17582,16058,16086,15902,15920,103831,77202
2021-12-21,202201,false,17660,17829,17624,17796,15998,16167,15962,16134,87917,79325
2021-12-22,202201,false,17847,17852,17783,17832,16185,16190,16121,16170,54102,76180
2021-12-23,202201,false,17935,17983,17903,17951,16273,16321,16241,16289,66061,77619
2021-12-24,202201,false,18014,18035,17946,17957,16352,16373,16284,16295,50035,78375
2021-12-27,202201,false,17982,18099,17967,18070,16320,16437,16305,16408,58096,82254
2021-12-28,202201,false,18115,18209,18105,18206,16453,16547,16443,16544,60973,83894
2021-12-29,202201,false,18195,18289,18188,18274,16533,16627,16526,16612,57011,84978
2021-12-30,202201,false,18242,18265,18177,18209,16580,16603,16515,16547,56933,82321
2022-01-03,202201,false,18288,18389,18203,18272,16626,16727,16541,16610,96972,82046
2022-01-04,202201,false,18361,18522,18359,18514,16699,16860,16697,16852,90796,84180
2022-01-05,202201,false,18480,18546,18438,18480,16818,16884,16776,16818,82044,83973
2022-01-06,202201,false,18345,18419,18238,18337,16683,16757,16576,16675,119801,80441
2022-01-07,202201,false,18459,18478,18115,18146,16797,16816,16453,16484,137788,77829
2022-01-10,202201,false,18075,18264,18022,18260,16413,16602,16360,16598,96625,77007
2022-01-11,202201,false,18200,18295,18102,18279,16538,16633,16440,16617,119585,75284
2022-01-12,202201,false,18403,18411,18271,18376,16741,16749,16609,16714,90837,72097
2022-01-13,202201,false,18433,18485,18364,18425,16771,16823,16702,16763,95326,71396
2022-01-14,202201,false,18549,18560,18220,18360,16887,16898,16558,16698,158202,64954
2022-01-17,202201,false,18417,18537,18387,18508,16755,16875,16725,16846,117616,50573
2022-01-18,202202,true,18460,18534,18308,18312,16836,16910,16684,16688,36908,57671
2022-01-19,202202,false,18258,18309,18141,18146,16634,16685,16517,16522,63239,70843
2022-01-20,202202,false,18203,18270,18081,18224,16579,16646,16457,16600,119191,74958
2022-01-21,202202,false,18026,18050,17836,17896,16402,16426,16212,16272,157754,78033
2022-01-24,202202,false,17736,17973,17703,17957,16112,16349,16079,16333,133779,75400
2022-01-25,202202,false,17790,17799,17578,17674,16166,16175,15954,16050,158896,77596
2022-01-26,202202,false,17683,17757,17607,17624,16059,16133,15983,16000,96254,73654
2022-02-07,202202,false,17797,17900,17693,17896,16173,16276,16069,16272,113464,74145
2022-02-08,202202,false,17960,18047,17922,17942,16336,16423,16298,16318,89700,73887
2022-02-09,202202,false,18068,18169,18050,18164,16444,16545,16426,16540,72278,74614
2022-02-10,202202,false,18230,18340,18133,18334,16606,16716,16509,16710,95136,72304
2022-02-11,202202,false,18202,18290,18182,18273,16578,16666,16558,16649,87617,68582
2022-02-14,202202,false,18099,18132,17934,17977,16475,16508,16310,16353,137955,45324
2022-02-15,202203,true,17880,18050,17840,17920,16291,16461,16251,16331,34037,53042
2022-02-16,202203,false,18168,18219,18110,18215,16579,16630,16521,16626,52439,66213
2022-02-17,202203,false,18269,18330,18168,18244,16680,16741,16579,16655,110179,71878
2022-02-18,202203,false,18065,18254,18039,18227,16476,16665,16450,16638,96351,75330
2022-02-21,202203,false,18001,18242,17970,18212,16412,16653,16381,16623,95874,74692
2022-02-22,202203,false,17990,18068,17773,17880,16401,16479,16184,16291,144406,72558
2022-02-23,202203,false,17954,18060,17936,18042,16365,16471,16347,16453,83991,71178
2022-02-24,202203,false,17811,17850,17506,17513,16222,16261,15917,15924,187058,76370
2022-02-25,202203,false,17660,17702,17513,17610,16071,16113,15924,16021,129514,71893
2022-03-01,202203,false,17756,17942,17692,17912,16167,16353,16103,16323,109687,74637
2022-03-02,202203,false,17788,17895,17758,17838,16199,16306,16169,16249,94806,73227
2022-03-03,202203,false,17942,17964,17865,17929,16353,16375,16276,16340,77058,71665
2022-03-04,202203,false,17608,17788,17522,17668,16019,16199,15933,16079,118785,71652
2022-03-07,202203,false,17362,17405,17051,17058,15773,15816,15462,15469,157085,73413
2022-03-08,202203,false,16840,17058,16695,16707,15251,15469,15106,15118,160675,67505
2022-03-09,202203,false,16890,17023,16865,16949,15301,15434,15276,15360,115509,63779
2022-03-10,202203,false,17301,17456,17269,17436,15712,15867,15680,15847,102545,61920
2022-03-11,202203,false,17372,17387,17170,17226,15783,15798,15581,15637,95875,57799
2022-03-14,202203,false,17289,17350,17150,17240,15700,15761,15561,15651,120161,40641
2022-03-15,202204,true,17167,17167,16813,16830,15633,15633,15279,15296,39526,56586
2022-03-16,202204,false,16984,17016,16757,16932,15450,15482,15223,15398,70598,64419
2022-03-17,202204,false,17339,17470,17262,17444,15805,15936,15728,15910,129146,72539
2022-03-18,202204,false,17441,17444,17295,17393,15907,15910,15761,15859,96826,71204
2022-03-21,202204,false,17442,17577,17439,17491,15908,16043,15905,15957,93353,74767
2022-03-22,202204,false,17536,17543,17453,17522,16002,16009,15919,15988,68446,74888
2022-03-23,202204,false,17644,17735,17610,17699,16110,16201,16076,16165,88805,79593
2022-03-24,202204,false,17570,17687,17548,17669,16036,16153,16014,16135,80125,76997
2022-03-25,202204,false,17720,17726,17591,17621,16186,16192,16057,16087,83085,74588
2022-03-28,202204,false,17512,17521,17304,17437,15978,15987,15770,15903,117571,69730
2022-03-29,202204,false,17560,17577,17484,17546,16026,16043,15950,16012,76398,72078
2022-03-30,202204,false,17671,17755,17658,17740,16137,16221,16124,16206,89839,76212
2022-03-31,202204,false,17747,17774,17623,17634,16213,16240,16089,16100,78029,73455
2022-04-01,202204,false,17466,17567,17414,17557,15932,16033,15880,16023,82047,72492
2022-04-06,202204,false,17439,17508,17327,17505,15905,15974,15793,15971,86927,72607
2022-04-07,202204,false,17333,17387,17123,17142,15799,15853,15589,15608,114893,74745
2022-04-08,202204,false,17200,17318,17169,17304,15666,15784,15635,15770,84229,72429
2022-04-11,202204,false,17222,17298,16976,17037,15688,15764,15442,15503,128637,72417
2022-04-12,202204,false,16960,17068,16906,17000,15426,15534,15372,15466,107948,71936
2022-04-13,202204,false,17080,17321,17071,17316,15546,15787,15537,15782,107841,72060
2022-04-14,202204,false,17349,17352,17251,17295,15815,15818,15717,15761,73517,67811
2022-04-15,202204,false,17102,17117,16960,16980,15568,15583,15426,15446,97455,65492
2022-04-18,202204,false,16908,16995,16813,16884,15374,15461,15279,15350,122230,47679
2022-04-19,202205,true,17016,17083,16953,16973,15513,15580,15450,15470,37328,55673
2022-04-20,202205,false,17018,17082,16951,17072,15515,15579,15448,15569,57285,67331
2022-04-21,202205,false,17180,17222,17090,17126,15677,15719,15587,15623,86180,70636
2022-04-22,202205,false,16862,16999,16823,16992,15359,15496,15320,15489,96385,73355
2022-04-25,202205,false,16686,16734,16508,16572,15183,15231,15005,15069,123324,74763
2022-04-26,202205,false,16648,16663,16533,16585,15145,15160,15030,15082,82214,74743
2022-04-27,202205,false,16221,16344,16160,16287,14718,14841,14657,14784,141144,76765
2022-04-28,202205,false,16317,16416,16220,16388,14814,14913,14717,14885,103728,78188
2022-04-29,202205,false,16555,16635,16495,16581,15052,15132,14992,15078,103887,75221
2022-05-03,202205,false,16487,16570,16434,16472,14984,15067,14931,14969,90193,74613
2022-05-04,202205,false,16505,16589,16489,16519,15002,15086,14986,15016,69459,76348
2022-05-05,202205,false,16753,16776,16645,16685,15250,15273,15142,15182,78883,77519
2022-05-06,202205,false,16310,16380,16266,16356,14807,14877,14763,14853,96310,81201
2022-05-09,202205,false,16156,16194,16015,16027,14653,14691,14512,14524,99474,83968
2022-05-10,202205,false,15809,16045,15730,16038,14306,14542,14227,14535,127562,81296
2022-05-11,202205,false,15989,16058,15907,16007,14486,14555,14404,14504,88276,79439
2022-05-12,202205,false,15801,15890,15608,15630,14298,14387,14105,14127,118642,80510
2022-05-13,202205,false,15777,15854,15743,15849,14274,14351,14240,14346,96199,76156
2022-05-16,202205,false,15996,16044,15847,15922,14493,14541,14344,14419,120555,52828
2022-05-17,202206,true,15916,16044,15916,16029,14459,14587,14459,14572,35728,57923
2022-05-18,202206,false,16138,16229,16104,16198,14681,14772,14647,14741,56362,73494
2022-05-19,202206,false,15871,15965,15820,15911,14414,14508,14363,14454,109266,77028
2022-05-20,202206,false,16069,16145,16013,16136,14612,14688,14556,14679,85765,80780
2022-05-23,202206,false,16220,16263,16076,16143,14763,14806,14619,14686,99214,78176
2022-05-24,202206,false,16131,16156,15914,15926,14674,14699,14457,14469,98160,79862
2022-05-25,202206,false,15996,16146,15968,16061,14539,14689,14511,14604,98499,82264
2022-05-26,202206,false,16153,16184,15928,15950,14696,14727,14471,14493,99211,83540
2022-05-27,202206,false,16110,16245,16100,16229,14653,14788,14643,14772,83346,86626
2022-05-30,202206,false,16400,16584,16391,16559,14943,15127,14934,15102,81262,87403
2022-05-31,202206,false,16492,16716,16460,16681,15035,15259,15003,15224,108041,93427
2022-06-01,202206,false,16647,16755,16592,16608,15190,15298,15135,15151,95150,94358
2022-06-02,202206,false,16536,16585,16471,16533,15079,15128,15014,15076,80160,93694
2022-06-06,202206,false,16590,16648,16463,16600,15133,15191,15006,15143,98914,91412
2022-06-07,202206,false,16520,16531,16406,16461,15063,15074,14949,15004,101451,86546
2022-06-08,202206,false,16560,16693,16555,16641,15103,15236,15098,15184,80944,90218
2022-06-09,202206,false,16573,16606,16524,16577,15116,15149,15067,15120,67567,86569
2022-06-10,202206,false,16380,16486,16350,16474,14923,15029,14893,15017,85493,84428
2022-06-13,202206,false,16115,16120,15993,16050,14658,14663,14536,14593,129042,63892
2022-06-14,202207,true,15500,15615,15415,15599,14496,14611,14411,14595,42649,68480
2022-06-15,202207,false,15600,15631,15500,15546,14596,14627,14496,14542,57993,78478
2022-06-16,202207,false,15751,15805,15382,15411,14747,14801,14378,14407,127119,87457
2022-06-17,202207,false,15196,15300,15137,15202,14192,14296,14133,14198,124040,93783
2022-06-20,202207,false,15182,15231,14966,15031,14178,14227,13962,14027,129690,99613
2022-06-21,202207,false,15164,15362,15115,15346,14160,14358,14111,14342,115396,98934
2022-06-22,202207,false,15316,15319,14984,15015,14312,14315,13980,14011,128332,99083
2022-06-23,202207,false,15059,15145,14804,14939,14055,14141,13800,13935,164479,98783
2022-06-24,202207,false,15006,15142,14959,15053,14002,14138,13955,14049,119812,96591
2022-06-27,202207,false,15205,15400,15201,15277,14201,14396,14197,14273,98695,97502
2022-06-28,202207,false,15299,15304,15096,15194,14295,14300,14092,14190,96034,96342
2022-06-29,202207,false,15020,15114,14980,15016,14016,14110,13976,14012,100640,96261
2022-06-30,202207,false,14931,14945,14610,14624,13927,13941,13606,13620,131995,101028
2022-07-01,202207,false,14656,14702,14128,14175,13652,13698,13124,13171,183609,98792
2022-07-04,202207,false,14236,14312,14025,14152,13232,13308,13021,13148,143173,97788
2022-07-05,202207,false,14350,14430,13975,14209,13346,13426,12971,13205,175274,94173
2022-07-06,202207,false,14213,14239,13858,13879,13209,13235,12854,12875,150712,91327
2022-07-07,202207,false,14068,14295,13832,14187,13064,13291,12828,13183,158050,85116
2022-07-08,202207,false,14390,14485,14264,14332,13386,13481,13260,13328,139319,80103
2022-07-11,202207,false,14467,14496,14229,14278,13463,13492,13225,13274,120320,76109
2022-07-12,202207,false,14157,14181,13850,13914,13153,13177,12846,12910,127127,79696
2022-07-13,202207,false,14240,14356,14203,14281,13236,13352,13199,13277,112460,75454
2022-07-14,202207,false,14237,14437,14122,14386,13233,13433,13118,13382,128248,72711
2022-07-15,202207,false,14422,14542,14333,14479,13418,13538,13329,13475,118876,66561
2022-07-18,202207,false,14577,14666,14535,14647,13573,13662,13531,13643,122938,48404
2022-07-19,202208,true,14429,14552,14402,14525,13578,13701,13551,13674,32478,48774
2022-07-20,202208,false,14717,14739,14562,14612,13866,13888,13711,13761,60910,60486
2022-07-21,202208,false,14600,14771,14573,14747,13749,13920,13722,13896,90902,65024
2022-07-22,202208,false,14796,14848,14725,14755,13945,13997,13874,13904,93026,64459
2022-07-25,202208,false,14750,14845,14688,14793,13899,13994,13837,13942,82637,65667
2022-07-26,202208,false,14755,14788,14650,14707,13904,13937,13799,13856,92221,64953
2022-07-27,202208,false,14670,14800,14615,14791,13819,13949,13764,13940,104597,66094
2022-07-28,202208,false,14922,14949,14786,14833,14071,14098,13935,13982,94963,67517
2022-07-29,202208,false,14936,14990,14870,14940,14085,14139,14019,14089,94106,68723
2022-08-01,202208,false,14921,14940,14804,14870,14070,14089,13953,14019,89819,68379
2022-08-02,202208,false,14767,14778,14589,14645,13916,13927,13738,13794,108928,70162
2022-08-03,202208,false,14627,14727,14594,14672,13776,13876,13743,13821,97984,68942
2022-08-04,202208,false,14686,14722,14461,14654,13835,13871,13610,13803,139696,72666
2022-08-05,202208,false,14780,15020,14777,15011,13929,14169,13926,14160,95193,77132
2022-08-08,202208,false,14937,14987,14888,14961,14086,14136,14037,14110,74401,71575
2022-08-09,202208,false,14894,15065,14853,15016,14043,14214,14002,14165,89703,72761
2022-08-10,202208,false,14874,14945,14832,14878,14023,14094,13981,14027,77738,70323
2022-08-11,202208,false,15115,15191,15093,15184,14264,14340,14242,14333,79733,70833
2022-08-12,202208,false,15229,15309,15200,15274,14378,14458,14349,14423,66960,67169
2022-08-15,202208,false,15369,15432,15310,15385,14518,14581,14459,14534,89978,53229
2022-08-16,202209,true,15339,15392,15334,15370,14543,14596,14538,14574,27286,51423
2022-08-17,202209,false,15335,15396,15328,15379,14539,14600,14532,14583,43641,62714
2022-08-18,202209,false,15250,15325,15224,15317,14454,14529,14428,14521,69333,66518
2022-08-19,202209,false,15308,15406,15275,15354,14512,14610,14479,14558,72613,66947
2022-08-22,202209,false,15171,15250,15156,15179,14375,14454,14360,14383,63929,68615
2022-08-23,202209,false,15059,15109,15022,15028,14263,14313,14226,14232,68886,69255
2022-08-24,202209,false,15080,15120,14987,15035,14284,14324,14191,14239,70377,68612
2022-08-25,202209,false,15130,15225,15116,15170,14334,14429,14320,14374,81719,69146
2022-08-26,202209,false,15271,15318,15228,15241,14475,14522,14432,14445,62646,66811
2022-08-29,202209,false,14832,14898,14762,14820,14036,14102,13966,14024,103087,66328
2022-08-30,202209,false,14850,14994,14837,14949,14054,14198,14041,14153,86047,68294
2022-08-31,202209,false,14849,15099,14826,15042,14053,14303,14030,14246,108620,77860
2022-09-01,202209,false,14841,14842,14675,14737,14045,14046,13879,13941,118005,77142
2022-09-02,202209,false,14776,14782,14584,14598,13980,13986,13788,13802,92325,76619
2022-09-05,202209,false,14590,14719,14561,14613,13794,13923,13765,13817,92682,73583
2022-09-06,202209,false,14720,14770,14555,14635,13924,13974,13759,13839,93184,74574
2022-09-07,202209,false,14445,14455,14331,14357,13649,13659,13535,13561,99373,75051
2022-09-08,202209,false,14459,14552,14389,14545,13663,13756,13593,13749,88563,70703
2022-09-12,202209,false,14775,14824,14731,14797,13979,14028,13935,14001,73967,68152
2022-09-13,202209,false,14884,14928,14827,14875,14088,14132,14031,14079,64810,66793
2022-09-14,202209,false,14458,14641,14443,14578,13662,13845,13647,13782,88778,66290
2022-09-15,202209,false,14578,14715,14562,14642,13782,13919,13766,13846,77473,67005
2022-09-16,202209,false,14500,14527,14465,14485,13704,13731,13669,13689,75293,65353
2022-09-19,202209,false,14550,14579,14406,14420,13754,13783,13610,13624,96859,48006
2022-09-20,202210,true,14519,14534,14440,14528,13753,13768,13674,13762,35129,53165
2022-09-21,202210,false,14460,14479,14377,14411,13694,13713,13611,13645,45062,63563
2022-09-22,202210,false,14225,14250,14088,14239,13459,13484,13322,13473,104178,69697
2022-09-23,202210,false,14212,14229,14056,14118,13446,13463,13290,13352,87010,72667
2022-09-26,202210,false,13916,13953,13740,13762,13150,13187,12974,12996,114988,74950
2022-09-27,202210,false,13843,13861,13735,13815,13077,13095,12969,13049,94792,74398
2022-09-28,202210,false,13796,13849,13486,13515,13030,13083,12720,12749,144383,76023
2022-09-29,202210,false,13658,13672,13471,13523,12892,12906,12705,12757,115038,73922
2022-09-30,202210,false,13356,13458,13298,13394,12590,12692,12532,12628,120030,73202
2022-10-03,202210,false,13248,13444,13215,13303,12482,12678,12449,12537,110724,72962
2022-10-04,202210,false,13530,13615,13489,13593,12764,12849,12723,12827,91521,75267
2022-10-05,202210,false,13740,13884,13721,13814,12974,13118,12955,13048,116457,71327
2022-10-06,202210,false,13932,13957,13814,13871,13166,13191,13048,13105,89623,69607
2022-10-07,202210,false,13781,13818,13683,13688,13015,13052,12917,12922,81120,68657
2022-10-11,202210,false,13251,13297,13081,13090,12485,12531,12315,12324,132727,72822
2022-10-12,202210,false,13049,13140,12975,13072,12283,12374,12209,12306,111132,68782
2022-10-13,202210,false,13032,13085,12805,12869,12266,12319,12039,12103,125033,70093
2022-10-14,202210,false,13150,13249,13074,13168,12384,12483,12308,12402,101646,66041
2022-10-17,202210,false,12964,13009,12821,12978,12198,12243,12055,12212,138854,49947
2022-10-18,202211,true,13141,13157,12968,13079,12396,12412,12223,12334,44175,49702
2022-10-19,202211,false,13130,13166,12958,12962,12385,12421,12213,12217,65748,64124
2022-10-20,202211,false,12815,12916,12662,12898,12070,12171,11917,12153,137538,67475
2022-10-21,202211,false,12922,12948,12794,12805,12177,12203,12049,12060,107939,69643
2022-10-24,202211,false,13100,13126,12864,12884,12355,12381,12119,12139,120336,69518
2022-10-25,202211,false,12895,12946,12652,12685,12150,12201,11907,11940,146455,71200
2022-10-26,202211,false,12722,12833,12664,12741,11977,12088,11919,11996,108896,71487
2022-10-27,202211,false,12883,12984,12878,12956,12138,12239,12133,12211,97666,73797
2022-10-28,202211,false,12855,12915,12745,12767,12110,12170,12000,12022,97431,72382
2022-10-31,202211,false,12880,12997,12836,12943,12135,12252,12091,12198,88369,72471
2022-11-01,202211,false,12960,13095,12934,13033,12215,12350,12189,12288,91434,73899
2022-11-02,202211,false,13033,13103,13015,13084,12288,12358,12270,12339,66189,71908
2022-11-03,202211,false,12883,12983,12854,12957,12138,12238,12109,12212,74133,70846
2022-11-04,202211,false,12880,13039,12850,13029,12135,12294,12105,12284,82593,72258
2022-11-07,202211,false,13156,13265,13096,13225,12411,12520,12351,12480,95613,73444
2022-11-08,202211,false,13312,13390,13298,13333,12567,12645,12553,12588,74647,73474
2022-11-09,202211,false,13467,13613,13438,13593,12722,12868,12693,12848,87870,74903
2022-11-10,202211,false,13543,13565,13461,13486,12798,12820,12716,12741,71235,69928
2022-11-11,202211,false,13965,14062,13896,14054,13220,13317,13151,13309,115281,70976
2022-11-14,202211,false,14159,14195,14080,14125,13414,13450,13335,13380,114862,54447
2022-11-15,202212,true,14150,14497,14145,14455,13474,13821,13469,13779,50143,61771
2022-11-16,202212,false,14537,14578,14388,14486,13861,13902,13712,13810,66217,68087
2022-11-17,202212,false,14471,14545,14357,14511,13795,13869,13681,13835,88530,70630
2022-11-18,202212,false,14551,14681,14437,14465,13875,14005,13761,13789,114375,72320
2022-11-21,202212,false,14492,14517,14411,14431,13816,13841,13735,13755,80224,73367
2022-11-22,202212,false,14457,14529,14364,14504,13781,13853,13688,13828,88314,74935
2022-11-23,202212,false,14615,14642,14543,14599,13939,13966,13867,13923,76990,74625
2022-11-24,202212,false,14690,14789,14656,14774,14014,14113,13980,14098,77474,79076
2022-11-25,202212,false,14769,14798,14703,14710,14093,14122,14027,14034,68961,79739
2022-11-28,202212,false,14550,14588,14433,14474,13874,13912,13757,13798,106570,77453
2022-11-29,202212,false,14470,14678,14431,14660,13794,14002,13755,13984,92020,78907
2022-11-30,202212,false,14640,14838,14619,14802,13964,14162,13943,14126,101856,82937
2022-12-01,202212,false,15030,15119,14927,14980,14354,14443,14251,14304,109793,82384
2022-12-02,202212,false,14860,14959,14842,14884,14184,14283,14166,14208,70239,85713
2022-12-05,202212,false,14898,15046,14880,14930,14222,14370,14204,14254,79795,86774
2022-12-06,202212,false,14874,14894,14672,14679,14198,14218,13996,14003,92759,86942
2022-12-07,202212,false,14603,14780,14594,14625,13927,14104,13918,13949,106919,84999
2022-12-08,202212,false,14567,14570,14413,14495,13891,13894,13737,13819,99806,84253
2022-12-09,202212,false,14636,14722,14572,14709,13960,14046,13896,14033,88022,79655
2022-12-12,202212,false,14649,14650,14485,14583,13973,13974,13809,13907,87221,79638
2022-12-13,202212,false,14660,14687,14496,14518,13984,14011,13820,13842,86066,79768
2022-12-14,202212,false,14609,14732,14576,14710,13933,14056,13900,14034,88287,81557
2022-12-15,202212,false,14658,14750,14607,14713,13982,14074,13931,14037,88235,80490
2022-12-16,202212,false,14440,14550,14411,14463,13764,13874,13735,13787,104255,73670
2022-12-19,202212,false,14405,14485,14362,14407,13729,13809,13686,13731,98774,46185
2022-12-20,202301,true,14328,14406,14092,14123,13682,13760,13446,13477,49234,65895
2022-12-21,202301,false,14172,14233,14131,14167,13526,13587,13485,13521,42605,74836
2022-12-22,202301,false,14311,14396,14285,14374,13665,13750,13639,13728,71964,80249
2022-12-23,202301,false,14168,14237,14125,14189,13522,13591,13479,13543,72919,79350
2022-12-26,202301,false,14196,14254,14192,14243,13550,13608,13546,13597,35315,79480
2022-12-27,202301,false,14295,14392,14278,14305,13649,13746,13632,13659,65334,80674
2022-12-28,202301,false,14190,14195,14070,14112,13544,13549,13424,13466,84583,81506
2022-12-29,202301,false,13960,14072,13938,14034,13314,13426,13292,13388,78436,79478
2022-12-30,202301,false,14193,14213,14127,14135,13547,13567,13481,13489,61365,77999
2023-01-03,202301,false,14050,14247,13952,14230,13404,13601,13306,13584,114614,75102
2023-01-04,202301,false,14205,14271,14181,14209,13559,13625,13535,13563,69531,70972
2023-01-05,202301,false,14324,14375,14239,14289,13678,13729,13593,13643,77650,71755
2023-01-06,202301,false,14278,14403,14275,14366,13632,13757,13629,13720,78727,72568
2023-01-09,202301,false,14618,14770,14582,14765,13972,14124,13936,14119,80242,72740
2023-01-10,202301,false,14745,14829,14735,14810,14099,14183,14089,14164,69053,69159
2023-01-11,202301,false,14855,14884,14746,14791,14209,14238,14100,14145,62375,67074
2023-01-12,202301,false,14825,14840,14709,14766,14179,14194,14063,14120,68357,65393
2023-01-13,202301,false,15000,15016,14822,14834,14354,14370,14176,14188,83193,63944
2023-01-16,202301,false,14935,15004,14916,14938,14289,14358,14270,14292,84845,47853
2023-01-17,202302,true,14889,14954,14889,14910,14258,14323,14258,14279,26734,52817
2023-01-30,202302,false,15450,15532,15349,15457,14819,14901,14718,14826,56025,62726
2023-01-31,202302,false,15449,15456,15265,15268,14818,14825,14634,14637,72954,67676
2023-02-01,202302,false,15350,15402,15297,15382,14719,14771,14666,14751,61365,66031
2023-02-02,202302,false,15549,15600,15468,15580,14918,14969,14837,14949,75910,68426
2023-02-03,202302,false,15581,15629,15488,15581,14950,14998,14857,14950,71763,66293
2023-02-06,202302,false,15504,15505,15391,15407,14873,14874,14760,14776,75333,67894
2023-02-07,202302,false,15383,15447,15366,15397,14752,14816,14735,14766,65134,67940
2023-02-08,202302,false,15475,15624,15474,15604,14844,14993,14843,14973,72141,70953
2023-02-09,202302,false,15549,15608,15530,15600,14918,14977,14899,14969,56658,67602
2023-02-10,202302,false,15596,15598,15520,15577,14965,14967,14889,14946,87442,63926
2023-02-13,202302,false,15510,15547,15431,15532,14879,14916,14800,14901,100940,46665
2023-02-14,202303,true,15608,15670,15581,15645,14990,15052,14963,15027,27044,47565
2023-02-15,202303,false,15495,15533,15360,15366,14877,14915,14742,14748,61273,62006
2023-02-16,202303,false,15458,15599,15451,15543,14840,14981,14833,14925,81731,68566
2023-02-17,202303,false,15428,15475,15384,15436,14810,14857,14766,14818,71212,65814
2023-02-20,202303,false,15386,15555,15367,15524,14768,14937,14749,14906,70776,68490
2023-02-21,202303,false,15486,15547,15471,15528,14868,14929,14853,14910,57221,66991
2023-02-22,202303,false,15353,15415,15306,15375,14735,14797,14688,14757,80471,68756
2023-02-23,202303,false,15435,15656,15433,15600,14817,15038,14815,14982,92289,71983
2023-02-24,202303,false,15642,15684,15526,15541,15024,15066,14908,14923,76672,68616
2023-03-01,202303,false,15381,15555,15333,15546,14763,14937,14715,14928,82601,69008
2023-03-02,202303,false,15596,15618,15435,15542,14978,15000,14817,14924,81548,69601
2023-03-03,202303,false,15612,15670,15568,15615,14994,15052,14950,14997,81464,72125
2023-03-06,202303,false,15730,15834,15692,15772,15112,15216,15074,15154,88661,71813
2023-03-07,202303,false,15786,15894,15750,15873,15168,15276,15132,15255,66075,72165
2023-03-08,202303,false,15725,15809,15721,15785,15107,15191,15103,15167,75396,66054
2023-03-09,202303,false,15855,15862,15751,15766,15237,15244,15133,15148,63471,66358
2023-03-10,202303,false,15618,15624,15452,15481,15000,15006,14834,14863,100898,64951
2023-03-13,202303,false,15450,15540,15345,15519,14832,14922,14727,14901,137218,39314
2023-03-14,202304,true,15330,15372,15268,15288,14778,14820,14716,14736,37731,48095
2023-03-15,202304,false,15402,15475,15316,15330,14850,14923,14764,14778,58835,62084
2023-03-16,202304,false,15194,15305,15150,15226,14642,14753,14598,14674,115384,65640
2023-03-17,202304,false,15310,15418,15298,15405,14758,14866,14746,14853,91820,66215
2023-03-20,202304,false,15454,15477,15352,15370,14902,14925,14800,14818,79652,65540
2023-03-21,202304,false,15464,15517,15425,15455,14912,14965,14873,14903,73240,65755
2023-03-22,202304,false,15589,15725,15568,15715,15037,15173,15016,15163,79375,72441
2023-03-23,202304,false,15695,15866,15683,15836,15143,15314,15131,15284,87831,75135
2023-03-24,202304,false,15878,15923,15806,15917,15326,15371,15254,15365,72534,74211
2023-03-27,202304,false,15855,15893,15793,15829,15303,15341,15241,15277,72250,69345
2023-03-28,202304,false,15814,15829,15655,15689,15262,15277,15103,15137,84158,69508
2023-03-29,202304,false,15730,15787,15653,15738,15178,15235,15101,15186,77212,69250
2023-03-30,202304,false,15822,15862,15761,15819,15270,15310,15209,15267,78724,68933
2023-03-31,202304,false,15879,15965,15860,15864,15327,15413,15308,15312,82044,69836
2023-04-06,202304,false,15780,15793,15701,15762,15228,15241,15149,15210,71495,68514
2023-04-07,202304,false,15850,15870,15796,15818,15298,15318,15244,15266,52583,69593
2023-04-10,202304,false,15839,15927,15828,15851,15287,15375,15276,15299,61327,70836
2023-04-11,202304,false,15834,15963,15825,15924,15282,15411,15273,15372,81532,70630
2023-04-12,202304,false,15957,15960,15866,15925,15405,15408,15314,15373,57123,68379
2023-04-13,202304,false,15865,15903,15808,15816,15313,15351,15256,15264,79548,67674
2023-04-14,202304,false,15882,15995,15855,15948,15330,15443,15303,15396,88415,69858
2023-04-17,202304,false,15920,15974,15877,15970,15368,15422,15325,15418,84803,52427
2023-04-18,202305,true,15911,15937,15846,15872,15378,15404,15313,15339,35258,48482
2023-04-19,202305,false,15876,15907,15768,15778,15343,15374,15235,15245,56290,64317
2023-04-20,202305,false,15730,15798,15682,15731,15197,15265,15149,15198,95145,67599
2023-04-21,202305,false,15757,15778,15602,15614,15224,15245,15069,15081,101724,72736
2023-04-24,202305,false,15545,15655,15542,15620,15012,15122,15009,15087,74865,73012
2023-04-25,202305,false,15641,15662,15369,15389,15108,15129,14836,14856,117880,77535
2023-04-26,202305,false,15390,15409,15312,15376,14857,14876,14779,14843,96433,76939
2023-04-27,202305,false,15342,15461,15305,15426,14809,14928,14772,14893,85853,74772
2023-04-28,202305,false,15515,15596,15498,15572,14982,15063,14965,15039,84556,73774
2023-05-02,202305,false,15628,15672,15551,15635,15095,15139,15018,15102,78993,74133
2023-05-03,202305,false,15559,15595,15523,15549,15026,15062,14990,15016,67779,72685
2023-05-04,202305,false,15496,15619,15490,15607,14963,15086,14957,15074,70601,72300
2023-05-05,202305,false,15598,15696,15576,15642,15065,15163,15043,15109,79097,71427
2023-05-08,202305,false,15758,15776,15704,15723,15225,15243,15171,15190,67383,69493
2023-05-09,202305,false,15706,15744,15652,15736,15173,15211,15119,15203,73221,68982
2023-05-10,202305,false,15692,15702,15581,15610,15159,15169,15048,15077,79948,67625
2023-05-11,202305,false,15660,15683,15517,15519,15127,15150,14984,14986,92649,68946
2023-05-12,202305,false,15450,15559,15420,15506,14917,15026,14887,14973,89636,65350
2023-05-15,202305,false,15439,15522,15425,15510,14906,14989,14892,14977,98204,50013
2023-05-16,202306,true,15531,15661,15518,15629,15059,15189,15046,15157,35555,54518
2023-05-17,202306,false,15661,15894,15650,15875,15189,15422,15178,15403,75767,74656
2023-05-18,202306,false,16026,16085,15960,16069,15554,15613,15488,15597,86157,79705
2023-05-19,202306,false,16153,16161,16068,16127,15681,15689,15596,15655,72580,79934
2023-05-22,202306,false,16133,16158,16091,16115,15661,15686,15619,15643,57628,81199
2023-05-23,202306,false,16149,16195,16072,16135,15677,15723,15600,15663,82150,84302
2023-05-24,202306,false,16055,16091,16005,16069,15583,15619,15533,15597,76889,85378
2023-05-25,202306,false,16132,16232,16125,16205,15660,15760,15653,15733,98367,86787
2023-05-26,202306,false,16362,16456,16346,16438,15890,15984,15874,15966,89892,87090
2023-05-29,202306,false,16607,16633,16543,16578,16135,16161,16071,16106,73815,86731
2023-05-30,202306,false,16550,16607,16515,16573,16078,16135,16043,16101,66386,87714
2023-05-31,202306,false,16576,16598,16455,16488,16104,16126,15983,16016,97967,87760
2023-06-01,202306,false,16440,16518,16422,16469,15968,16046,15950,15997,70078,88865
2023-06-02,202306,false,16577,16738,16566,16711,16105,16266,16094,16239,81950,90130
2023-06-05,202306,false,16750,16764,16657,16683,16278,16292,16185,16211,67739,86451
2023-06-06,202306,false,16687,16784,16680,16746,16215,16312,16208,16274,76480,87939
2023-06-07,202306,false,16785,16906,16766,16890,16313,16434,16294,16418,75944,89202
2023-06-08,202306,false,16852,16867,16667,16717,16380,16395,16195,16245,86320,85506
2023-06-09,202306,false,16802,16888,16785,16886,16330,16416,16313,16414,68556,86276
2023-06-12,202306,false,16954,16984,16907,16942,16482,16512,16435,16470,62748,85819
2023-06-13,202306,false,17088,17274,17081,17218,16616,16802,16609,16746,89364,89286
2023-06-14,202306,false,17199,17230,17133,17199,16727,16758,16661,16727,70092,85054
2023-06-15,202306,false,17250,17348,17230,17336,16778,16876,16758,16864,73605,85928
2023-06-16,202306,false,17292,17322,17215,17269,16820,16850,16743,16797,89295,78723
2023-06-19,202306,false,17194,17286,17160,17253,16722,16814,16688,16781,89130,55889
2023-06-20,202307,true,17021,17060,16931,17012,16726,16765,16636,16717,38074,65651
2023-06-21,202307,false,16966,17051,16956,17003,16671,16756,16661,16708,45799,72580
2023-06-26,202307,false,16851,16915,16822,16880,16556,16620,16527,16585,72170,79977
2023-06-27,202307,false,16805,16855,16705,16742,16510,16560,16410,16447,94078,80289
2023-06-28,202307,false,16795,16810,16712,16775,16500,16515,16417,16480,75639,80693
2023-06-29,202307,false,16851,16965,16733,16762,16556,16670,16438,16467,111710,82033
2023-06-30,202307,false,16718,16826,16671,16787,16423,16531,16376,16492,76943,80621
2023-07-03,202307,false,16901,17038,16897,17035,16606,16743,16602,16740,75504,84331
2023-07-04,202307,false,17025,17116,16983,17103,16730,16821,16688,16808,67409,84469
2023-07-05,202307,false,17086,17098,16975,17005,16791,16803,16680,16710,72937,83451
2023-07-06,202307,false,16869,16898,16673,16689,16574,16603,16378,16394,108783,83240
2023-07-07,202307,false,16566,16708,16536,16624,16271,16413,16241,16329,96841,80643
2023-07-10,202307,false,16675,16737,16545,16553,16380,16442,16250,16258,99315,78747
2023-07-11,202307,false,16750,16877,16737,16866,16455,16582,16442,16571,83593,80666
2023-07-12,202307,false,16880,16929,16824,16922,16585,16634,16529,16627,78402,79093
2023-07-13,202307,false,17137,17255,17056,17086,16842,16960,16761,16791,107250,78765
2023-07-14,202307,false,17219,17305,17143,17291,16924,17010,16848,16996,88668,75198
2023-07-17,202307,false,17234,17345,17229,17287,16939,17050,16934,16992,94891,51033
2023-07-18,202308,true,17273,17327,17106,17170,17028,17082,16861,16925,39226,51264
2023-07-19,202308,false,17213,17269,17047,17081,16968,17024,16802,16836,68885,64962
2023-07-20,202308,false,17020,17150,17018,17126,16775,16905,16773,16881,88053,70219
2023-07-21,202308,false,16860,16984,16816,16947,16615,16739,16571,16702,99103,71475
2023-07-24,202308,false,16947,17024,16866,16979,16702,16779,16621,16734,94583,71083
2023-07-25,202308,false,17091,17225,17054,17182,16846,16980,16809,16937,92668,76847
2023-07-26,202308,false,17206,17208,17078,17100,16961,16963,16833,16855,92561,75333
2023-07-27,202308,false,17183,17263,17168,17223,16938,17018,16923,16978,91001,75049
2023-07-28,202308,false,17155,17299,17135,17262,16910,17054,16890,17017,105980,75230
2023-07-31,202308,false,17400,17425,17058,17103,17155,17180,16813,16858,130814,75779
2023-08-01,202308,false,17160,17218,17090,17178,16915,16973,16845,16933,92003,74399
2023-08-02,202308,false,17093,17162,16806,16820,16848,16917,16561,16575,136576,75872
2023-08-04,202308,false,16720,16863,16715,16823,16475,16618,16470,16578,96586,74523
2023-08-07,202308,false,16859,17027,16836,17000,16614,16782,16591,16755,93476,73569
2023-08-08,202308,false,17020,17026,16757,16852,16775,16781,16512,16607,114678,71198
2023-08-09,202308,false,16815,16935,16780,16853,16570,16690,16535,16608,99083,69805
2023-08-10,202308,false,16788,16797,16584,16656,16543,16552,16339,16411,115276,67873
2023-08-11,202308,false,16711,16754,16574,16625,16466,16509,16329,16380,96858,65389
2023-08-14,202308,false,16567,16570,16306,16377,16322,16325,16061,16132,142754,44624
2023-08-15,202309,true,16456,16518,16398,16400,16234,16296,16176,16178,31641,42043
2023-08-16,202309,false,16322,16399,16275,16373,16100,16177,16053,16151,56198,55756
2023-08-17,202309,false,16261,16493,16205,16456,16039,16271,15983,16234,124759,63340
2023-08-18,202309,false,16422,16541,16320,16353,16200,16319,16098,16131,118197,64407
2023-08-21,202309,false,16424,16474,16325,16348,16202,16252,16103,16126,91744,66185
2023-08-22,202309,false,16495,16507,16380,16400,16273,16285,16158,16178,86244,64491
2023-08-23,202309,false,16419,16561,16405,16558,16197,16339,16183,16336,97878,66814
2023-08-24,202309,false,16788,16798,16670,16756,16566,16576,16448,16534,108492,63099
2023-08-25,202309,false,16549,16586,16415,16426,16327,16364,16193,16204,99877,68389
2023-08-28,202309,false,16468,16548,16461,16492,16246,16326,16239,16270,83055,67225
2023-08-29,202309,false,16578,16632,16453,16624,16356,16410,16231,16402,84833,65142
2023-08-30,202309,false,16738,16778,16695,16723,16516,16556,16473,16501,69975,64022
2023-08-31,202309,false,16730,16731,16602,16620,16508,16509,16380,16398,89842,63416
2023-09-01,202309,false,16608,16727,16600,16651,16386,16505,16378,16429,78439,64613
2023-09-04,202309,false,16646,16782,16607,16778,16424,16560,16385,16556,84928,66279
2023-09-05,202309,false,16736,16765,16707,16752,16514,16543,16485,16530,57012,64538
2023-09-06,202309,false,16758,16801,16702,16713,16536,16579,16480,16491,70796,63780
2023-09-07,202309,false,16604,16660,16560,16563,16382,16438,16338,16341,78366,64463
2023-09-08,202309,false,16490,16579,16467,16562,16268,16357,16245,16340,74559,66603
2023-09-11,202309,false,16560,16577,16366,16425,16338,16355,16144,16203,104377,66816
2023-09-12,202309,false,16459,16591,16413,16570,16237,16369,16191,16348,94566,65999
2023-09-13,202309,false,16570,16645,16523,16579,16348,16423,16301,16357,79200,64256
2023-09-14,202309,false,16676,16842,16675,16836,16454,16620,16453,16614,83243,70502
2023-09-15,202309,false,16848,16918,16808,16904,16626,16696,16586,16682,76226,66858
2023-09-18,202309,false,16757,16796,16700,16712,16535,16574,16478,16490,99184,43683
2023-09-19,202310,true,16692,16756,16617,16621,16455,16519,16380,16384,31798,48936
2023-09-20,202310,false,16620,16658,16544,16565,16383,16421,16307,16328,51361,58049
2023-09-21,202310,false,16479,16483,16280,16311,16242,16246,16043,16074,104132,71304
2023-09-22,202310,false,16200,16355,16188,16344,15963,16118,15951,16107,77457,68884
2023-09-25,202310,false,16352,16491,16340,16465,16115,16254,16103,16228,69416,67240
2023-09-26,202310,false,16400,16408,16273,16305,16163,16171,16036,16068,88022,67979
2023-09-27,202310,false,16246,16334,16230,16311,16009,16097,15993,16074,76137,67498
2023-09-28,202310,false,16342,16435,16295,16367,16105,16198,16058,16130,90613,66362
2023-10-02,202310,false,16531,16610,16504,16556,16294,16373,16267,16319,76695,67732
2023-10-03,202310,false,16497,16553,16408,16411,16260,16316,16171,16174,84437,66910
2023-10-04,202310,false,16285,16286,16164,16245,16048,16049,15927,16008,105815,70024
2023-10-05,202310,false,16300,16486,16288,16457,16063,16249,16051,16220,88286,69086
2023-10-06,202310,false,16476,16552,16473,16528,16239,16315,16236,16291,67779,66322
2023-10-11,202310,false,16829,16829,16662,16714,16592,16592,16425,16477,83064,65459
2023-10-12,202310,false,16768,16857,16725,16848,16531,16620,16488,16611,76196,69586
2023-10-13,202310,false,16750,16807,16730,16771,16513,16570,16493,16534,67885,66652
2023-10-16,202310,false,16661,16683,16603,16649,16424,16446,16366,16412,101143,45084
2023-10-17,202311,true,16767,16786,16658,16674,16506,16525,16397,16413,31629,45699
2023-10-18,202311,false,16642,16649,16454,16468,16381,16388,16193,16207,61156,61688
2023-10-19,202311,false,16365,16487,16357,16461,16104,16226,16096,16200,83646,65117
2023-10-20,202311,false,16440,16465,16255,16414,16179,16204,15994,16153,115247,65407
2023-10-23,202311,false,16350,16366,16250,16256,16089,16105,15989,15995,79206,72601
2023-10-24,202311,false,16274,16343,16148,16333,16013,16082,15887,16072,117248,70563
2023-10-25,202311,false,16370,16480,16350,16358,16109,16219,16089,16097,85062,68394
2023-10-26,202311,false,16144,16176,16039,16066,15883,15915,15778,15805,110234,75530
2023-10-27,202311,false,16137,16217,16120,16152,15876,15956,15859,15891,84813,69690
2023-10-30,202311,false,16118,16238,16111,16160,15857,15977,15850,15899,88685,70834
2023-10-31,202311,false,16180,16197,15973,15997,15919,15936,15712,15736,109000,76161
2023-11-01,202311,false,16099,16120,15978,16050,15838,15859,15717,15789,86885,73932
2023-11-02,202311,false,16256,16399,16250,16389,15995,16138,15989,16128,80878,72942
2023-11-03,202311,false,16488,16537,16441,16514,16227,16276,16180,16253,73936,70074
2023-11-06,202311,false,16680,16750,16626,16673,16419,16489,16365,16412,83172,73136
2023-11-07,202311,false,16632,16712,16613,16708,16371,16451,16352,16447,65290,74875
2023-11-08,202311,false,16725,16797,16687,16752,16464,16536,16426,16491,76332,75925
2023-11-09,202311,false,16711,16788,16692,16763,16450,16527,16431,16502,69823,76663
2023-11-10,202311,false,16664,16738,16627,16732,16403,16477,16366,16471,83384,69100
2023-11-13,202311,false,16969,16985,16836,16874,16708,16724,16575,16613,100083,46143
2023-11-14,202312,true,16948,16989,16925,16968,16667,16708,16644,16687,30763,54142
2023-11-15,202312,false,17190,17214,17094,17159,16909,16933,16813,16878,56608,68717
2023-11-16,202312,false,17196,17218,17109,17186,16915,16937,16828,16905,72693,74759
2023-11-17,202312,false,17152,17252,17151,17219,16871,16971,16870,16938,72936,79700
2023-11-20,202312,false,17227,17288,17154,17201,16946,17007,16873,16920,72251,81888
2023-11-21,202312,false,17281,17425,17280,17411,17000,17144,16999,17130,70242,89081
2023-11-22,202312,false,17298,17334,17256,17289,17017,17053,16975,17008,65563,87841
2023-11-23,202312,false,17275,17323,17214,17304,16994,17042,16933,17023,73777,87311
2023-11-24,202312,false,17330,17350,17265,17293,17049,17069,16984,17012,51647,87084
2023-11-27,202312,false,17257,17361,17145,17172,16976,17080,16864,16891,90354,86345
2023-11-28,202312,false,17215,17402,17195,17360,16934,17121,16914,17079,87471,88448
2023-11-29,202312,false,17339,17450,17314,17339,17058,17169,17033,17058,79086,87554
2023-11-30,202312,false,17400,17416,17291,17393,17119,17135,17010,17112,82954,87528
2023-12-01,202312,false,17333,17434,17254,17424,17052,17153,16973,17143,79764,89886
2023-12-04,202312,false,17465,17491,17376,17418,17184,17210,17095,17137,69262,87232
2023-12-05,202312,false,17285,17330,17231,17309,17004,17049,16950,17028,76784,87985
2023-12-06,202312,false,17367,17453,17346,17377,17086,17172,17065,17096,79377,86773
2023-12-07,202312,false,17321,17371,17261,17271,17040,17090,16980,16990,77297,87864
2023-12-08,202312,false,17409,17470,17363,17375,17128,17189,17082,17094,88169,87293
2023-12-11,202312,false,17436,17457,17350,17418,17155,17176,17069,17137,65150,88001
2023-12-12,202312,false,17518,17545,17427,17462,17237,17264,17146,17181,67207,87797
2023-12-13,202312,false,17491,17519,17426,17457,17210,17238,17145,17176,65147,86680
2023-12-14,202312,false,17608,17691,17595,17663,17327,17410,17314,17382,96741,87000
2023-12-15,202312,false,17771,17775,17672,17673,17490,17494,17391,17392,80686,77816
2023-12-18,202312,false,17672,17673,17583,17656,17391,17392,17302,17375,93527,47356
2023-12-19,202401,true,17589,17614,17500,17564,17321,17346,17232,17296,35743,73095
2023-12-20,202401,false,17592,17676,17591,17663,17324,17408,17323,17395,44834,84359
2023-12-21,202401,false,17442,17544,17414,17529,17174,17276,17146,17261,72886,91643
2023-12-22,202401,false,17563,17597,17542,17560,17295,17329,17274,17292,52791,88621
2023-12-25,202401,false,17644,17666,17607,17622,17376,17398,17339,17354,36922,90227
2023-12-26,202401,false,17651,17740,17634,17734,17383,17472,17366,17466,52770,93499
2023-12-27,202401,false,17755,17874,17737,17859,17487,17606,17469,17591,64820,99464
2023-12-28,202401,false,17850,17887,17821,17866,17582,17619,17553,17598,56537,100979
2023-12-29,202401,false,17853,17900,17828,17870,17585,17632,17560,17602,56505,102826
2024-01-02,202401,false,17838,17920,17751,17800,17570,17652,17483,17532,82827,103404
2024-01-03,202401,false,17658,17667,17507,17545,17390,17399,17239,17277,97851,106526
2024-01-04,202401,false,17525,17583,17525,17550,17257,17315,17257,17282,57402,102022
2024-01-05,202401,false,17577,17626,17491,17518,17309,17358,17223,17250,77062,101818
2024-01-08,202401,false,17572,17706,17568,17595,17304,17438,17300,17327,86585,102591
2024-01-09,202401,false,17770,17782,17526,17547,17502,17514,17258,17279,96286,103756
2024-01-10,202401,false,17509,17521,17439,17460,17241,17253,17171,17192,70327,102213
2024-01-11,202401,false,17490,17606,17481,17570,17222,17338,17213,17302,86899,100653
2024-01-12,202401,false,17466,17570,17447,17487,17198,17302,17179,17219,83946,90295
2024-01-15,202401,false,17580,17655,17527,17554,17312,17387,17259,17286,137809,59653
2024-01-16,202402,true,17503,17503,17338,17362,17206,17206,17041,17065,43634,64270
2024-01-17,202402,false,17329,17365,17217,17235,17032,17068,16920,16938,62898,79662
2024-01-18,202402,false,17240,17326,17215,17282,16943,17029,16918,16985,90702,79622
2024-01-19,202402,false,17541,17684,17504,17674,17244,17387,17207,17377,111839,82596
2024-01-22,202402,false,17816,17843,17747,17815,17519,17546,17450,17518,83035,80566
2024-01-23,202402,false,17799,17877,17790,17868,17502,17580,17493,17571,77256,81014
2024-01-24,202402,false,17903,17941,17876,17896,17606,17644,17579,17599,65654,79857
2024-01-25,202402,false,18016,18030,17935,17997,17719,17733,17638,17700,74949,81602
2024-01-26,202402,false,17951,18023,17936,17999,17654,17726,17639,17702,65973,81748
2024-01-29,202402,false,18011,18135,17970,18123,17714,17838,17673,17826,73311,84626
2024-01-30,202402,false,18129,18139,18064,18081,17832,17842,17767,17784,63313,80335
2024-01-31,202402,false,17990,18003,17904,17921,17693,17706,17607,17624,78949,78494
2024-02-01,202402,false,17956,17994,17882,17985,17659,17697,17585,17688,82846,79266
2024-02-02,202402,false,18100,18105,18023,18084,17803,17808,17726,17787,64193,79503
2024-02-05,202402,false,18008,18102,17958,18085,17711,17805,17661,17788,72290,76564
2024-02-15,202402,false,18590,18696,18531,18666,18293,18399,18234,18369,112201,76320
2024-02-16,202402,false,18683,18726,18633,18639,18386,18429,18336,18342,65410,71159
2024-02-19,202402,false,18680,18692,18619,18669,18383,18395,18322,18372,80197,51848
2024-02-20,202403,true,18641,18763,18605,18760,18335,18457,18299,18454,42071,63509
2024-02-21,202403,false,18755,18755,18679,18693,18449,18449,18373,18387,44868,70761
2024-02-22,202403,false,18887,18890,18751,18886,18581,18584,18445,18580,84610,74973
2024-02-23,202403,false,18990,19000,18898,18912,18684,18694,18592,18606,80858,75413
2024-02-26,202403,false,18907,18996,18853,18964,18601,18690,18547,18658,68087,77674
2024-02-27,202403,false,18950,19020,18750,18870,18644,18714,18444,18564,120451,76800
2024-02-29,202403,false,18808,18997,18805,18961,18502,18691,18499,18655,84818,77669
2024-03-01,202403,false,18968,19017,18924,18961,18662,18711,18618,18655,75198,76059
2024-03-04,202403,false,19144,19340,19137,19311,18838,19034,18831,19005,97821,78964
2024-03-05,202403,false,19362,19436,19305,19390,19056,19130,18999,19084,83640,78397
2024-03-06,202403,false,19282,19523,19271,19507,18976,19217,18965,19201,96101,77454
2024-03-07,202403,false,19688,19770,19584,19702,19382,19464,19278,19396,122063,75980
2024-03-08,202403,false,19930,20009,19638,19794,19624,19703,19332,19488,172140,74424
2024-03-11,202403,false,19691,19825,19679,19716,19385,19519,19373,19410,97483,72175
2024-03-12,202403,false,19714,19956,19698,19954,19408,19650,19392,19648,91498,75208
2024-03-13,202403,false,19994,20064,19886,19928,19688,19758,19580,19622,111450,74018
2024-03-14,202403,false,19897,19978,19799,19940,19591,19672,19493,19634,108905,75728
2024-03-15,202403,false,19828,19873,19723,19728,19522,19567,19417,19422,109827,74667
2024-03-18,202403,false,19778,19920,19747,19914,19472,19614,19441,19608,100312,54819
2024-03-19,202404,true,19845,19929,19762,19885,19521,19605,19438,19561,42402,54310
2024-03-20,202404,false,19866,19972,19794,19833,19542,19648,19470,19509,68842,66799
2024-03-21,202404,false,20048,20264,20029,20260,19724,19940,19705,19936,110169,74326
2024-03-22,202404,false,20226,20285,20122,20240,19902,19961,19798,19916,94477,69360
2024-03-25,202404,false,20256,20307,20188,20229,19932,19983,19864,19905,72613,69854
2024-03-26,202404,false,20280,20459,20038,20185,19956,20135,19714,19861,173550,71018
2024-03-27,202404,false,20185,20288,20148,20258,19861,19964,19824,19934,86234,71921
2024-03-28,202404,false,20238,20250,20081,20202,19914,19926,19757,19878,103798,73979
2024-03-29,202404,false,20226,20299,20192,20278,19902,19975,19868,19954,84010,75653
2024-04-01,202404,false,20393,20400,20259,20293,20069,20076,19935,19969,83567,75298
2024-04-02,202404,false,20350,20524,20350,20521,20026,20200,20026,20197,96508,80556
2024-04-03,202404,false,20370,20419,20275,20351,20046,20095,19951,20027,111570,75377
2024-04-08,202404,false,20404,20520,20375,20447,20080,20196,20051,20123,85815,75084
2024-04-09,202404,false,20538,20877,20518,20869,20214,20553,20194,20545,117238,77274
2024-04-10,202404,false,20822,20892,20804,20848,20498,20568,20480,20524,75731,74809
2024-04-11,202404,false,20706,20764,20651,20752,20382,20440,20327,20428,88537,74658
2024-04-12,202404,false,20745,20809,20682,20753,20421,20485,20358,20429,91615,69576
2024-04-15,202404,false,20544,20605,20460,20506,20220,20281,20136,20182,114946,52136
2024-04-16,202405,true,20334,20334,19834,19982,19975,19975,19475,19623,52436,57714
2024-04-17,202405,false,19979,20242,19955,20189,19620,19883,19596,19830,78050,68100
2024-04-18,202405,false,20070,20359,20025,20353,19711,20000,19666,19994,120221,70527
2024-04-19,202405,false,19840,19924,19265,19559,19481,19565,18906,19200,237961,69324
2024-04-22,202405,false,19620,19715,19445,19528,19261,19356,19086,19169,135191,64468
2024-04-23,202405,false,19651,19745,19554,19680,19292,19386,19195,19321,100612,66999
2024-04-24,202405,false,19930,20202,19916,20170,19571,19843,19557,19811,101458,70681
2024-04-25,202405,false,19940,19979,19834,19880,19581,19620,19475,19521,96972,67785
2024-04-26,202405,false,20126,20271,20070,20176,19767,19912,19711,19817,113798,68404
2024-04-29,202405,false,20350,20560,20310,20550,19991,20201,19951,20191,97993,73761
2024-04-30,202405,false,20518,20576,20404,20413,20159,20217,20045,20054,77061,70218
2024-05-02,202405,false,20250,20380,20215,20292,19891,20021,19856,19933,90193,69380
2024-05-03,202405,false,20548,20597,20306,20382,20189,20238,19947,20023,100974,70362
2024-05-06,202405,false,20685,20714,20562,20601,20326,20355,20203,20242,83722,73198
2024-05-07,202405,false,20733,20756,20536,20648,20374,20397,20177,20289,85595,71409
2024-05-08,202405,false,20618,20738,20574,20724,20259,20379,20215,20365,73449,71217
2024-05-09,202405,false,20707,20763,20605,20612,20348,20404,20246,20253,79443,67471
2024-05-10,202405,false,20738,20828,20616,20812,20379,20469,20257,20453,97925,63044
2024-05-13,202405,false,20942,20965,20833,20881,20583,20606,20474,20522,98279,42670
2024-05-14,202406,true,20876,21014,20870,21009,20514,20652,20508,20647,35328,50624
2024-05-15,202406,false,21192,21381,21120,21243,20830,21019,20758,20881,63095,63523
2024-05-16,202406,false,21465,21556,21326,21372,21103,21194,20964,21010,104856,69086
2024-05-17,202406,false,21303,21407,21288,21335,20941,21045,20926,20973,71837,69083
2024-05-20,202406,false,21435,21485,21153,21299,21073,21123,20791,20937,109398,70697
2024-05-21,202406,false,21324,21350,21165,21282,20962,20988,20803,20920,74973,71764
2024-05-22,202406,false,21293,21613,21283,21581,20931,21251,20921,21219,95352,78353
2024-05-23,202406,false,21630,21661,21492,21605,21268,21299,21130,21243,85458,76142
2024-05-24,202406,false,21448,21617,21414,21568,21086,21255,21052,21206,74314,76945
2024-05-27,202406,false,21670,21917,21655,21870,21308,21555,21293,21508,88063,78958
2024-05-28,202406,false,21892,21994,21845,21951,21530,21632,21483,21589,71888,79564
2024-05-29,202406,false,21865,21907,21720,21730,21503,21545,21358,21368,85938,79859
2024-05-30,202406,false,21512,21553,21368,21395,21150,21191,21006,21033,100242,79612
2024-05-31,202406,false,21505,21583,21253,21288,21143,21221,20891,20926,130856,83655
2024-06-03,202406,false,21469,21698,21424,21655,21107,21336,21062,21293,116258,86389
2024-06-04,202406,false,21560,21574,21284,21327,21198,21212,20922,20965,111097,83092
2024-06-05,202406,false,21350,21493,21226,21460,20988,21131,20864,21098,108838,82316
2024-06-06,202406,false,21825,21962,21791,21873,21463,21600,21429,21511,109836,82862
2024-06-07,202406,false,21839,21908,21781,21894,21477,21546,21419,21532,69801,80182
2024-06-11,202406,false,21920,21970,21783,21801,21558,21608,21421,21439,94289,75320
2024-06-12,202406,false,21829,22063,21790,22046,21467,21701,21428,21684,95615,78963
2024-06-13,202406,false,22308,22473,22207,22325,21946,22111,21845,21963,114828,75421
2024-06-14,202406,false,22274,22514,22270,22510,21912,22152,21908,22148,86467,71619
2024-06-17,202406,false,22430,22554,22420,22477,22068,22192,22058,22115,91913,45429
2024-06-18,202407,true,22592,22682,22545,22672,22344,22434,22297,22424,33108,58250
2024-06-19,202407,false,22883,23172,22848,23135,22635,22924,22600,22887,71704,72708
2024-06-20,202407,false,23153,23380,23106,23377,22905,23132,22858,23129,90192,79838
2024-06-21,202407,false,23034,23291,23025,23207,22786,23043,22777,22959,98199,79392
2024-06-24,202407,false,23050,23073,22708,22754,22802,22825,22460,22506,125022,77031
2024-06-25,202407,false,22608,22776,22410,22747,22360,22528,22162,22499,126047,76265
2024-06-26,202407,false,22806,23005,22744,22876,22558,22757,22496,22628,113347,80383
2024-06-27,202407,false,22614,22822,22555,22797,22366,22574,22307,22549,83796,78201
2024-06-28,202407,false,22908,23117,22793,22980,22660,22869,22545,22732,103428,81762
2024-07-01,202407,false,22960,23166,22938,22993,22712,22918,22690,22745,83651,82025
2024-07-02,202407,false,22838,22993,22717,22835,22590,22745,22469,22587,104985,80084
2024-07-03,202407,false,23073,23188,22981,23183,22825,22940,22733,22935,83985,82758
2024-07-04,202407,false,23487,23626,23461,23621,23239,23378,23213,23373,88198,83790
2024-07-05,202407,false,23659,23677,23526,23571,23411,23429,23278,23323,60596,82017
2024-07-08,202407,false,23545,23994,23512,23909,23297,23746,23264,23661,107009,85253
2024-07-09,202407,false,23945,24092,23624,23881,23697,23844,23376,23633,130797,83035
2024-07-10,202407,false,23759,24014,23702,24002,23511,23766,23454,23754,106474,83357
2024-07-11,202407,false,24251,24405,24160,24371,24003,24157,23912,24123,93552,82254
2024-07-12,202407,false,24038,24070,23784,23814,23790,23822,23536,23566,115064,76346
2024-07-15,202407,false,24091,24112,23756,23851,23843,23864,23508,23603,128376,51912
2024-07-16,202408,true,23842,24172,23838,23996,23592,23922,23588,23746,35439,59691
2024-07-17,202408,false,24009,24009,23692,23779,23759,23759,23442,23529,71906,75313
2024-07-18,202408,false,23294,23444,23154,23387,23044,23194,22904,23137,126201,84604
2024-07-19,202408,false,23148,23185,22853,22907,22898,22935,22603,22657,126482,81798
2024-07-22,202408,false,22859,22906,22184,22374,22609,22656,21934,22124,177941,85117
2024-07-23,202408,false,22600,22871,22571,22835,22350,22621,22321,22585,95310,81335
2024-07-26,202408,false,22028,22156,21918,22096,21778,21906,21668,21846,121567,80936
2024-07-29,202408,false,22430,22519,22146,22256,22180,22269,21896,22006,99245,80737
2024-07-30,202408,false,21933,22299,21809,22252,21683,22049,21559,22002,126029,81657
2024-07-31,202408,false,22050,22348,22013,22284,21800,22098,21763,22034,109982,80444
2024-08-01,202408,false,22721,22728,22460,22660,22471,22478,22210,22410,102459,83214
2024-08-02,202408,false,22000,22099,21508,21526,21750,21849,21258,21276,139674,87386
2024-08-05,202408,false,20712,20742,19374,19374,20462,20492,19124,19124,211207,77869
2024-08-06,202408,false,20395,20790,19589,20455,20145,20540,19339,20205,190100,75639
2024-08-07,202408,false,20500,21335,20494,21142,20250,21085,20244,20892,155051,78081
2024-08-08,202408,false,20680,21082,20545,20698,20430,20832,20295,20448,121331,76723
2024-08-09,202408,false,21305,21593,21032,21483,21055,21343,20782,21233,136829,79384
2024-08-12,202408,false,21650,21895,21600,21676,21400,21645,21350,21426,89347,78486
2024-08-13,202408,false,21848,21898,21662,21771,21598,21648,21412,21521,68585,78430
2024-08-14,202408,false,22104,22158,21908,21996,21854,21908,21658,21746,85768,80441
2024-08-15,202408,false,21993,22114,21836,21840,21743,21864,21586,21590,71553,78839
2024-08-16,202408,false,22324,22447,22277,22365,22074,22197,22027,22115,83257,73203
2024-08-19,202408,false,22400,22521,22320,22361,22150,22271,22070,22111,103565,48532
2024-08-20,202409,true,22484,22521,22356,22403,22266,22303,22138,22185,33498,65120
2024-08-21,202409,false,22282,22315,22165,22202,22064,22097,21947,21984,44448,78391
2024-08-22,202409,false,22229,22277,22026,22100,22011,22059,21808,21882,72407,80840
2024-08-23,202409,false,21942,22170,21865,22123,21724,21952,21647,21905,67429,80092
2024-08-26,202409,false,22230,22450,22131,22210,22012,22232,21913,21992,82518,83602
2024-08-27,202409,false,22112,22210,21998,22152,21894,21992,21780,21934,64037,81648
2024-08-28,202409,false,22181,22414,22048,22405,21963,22196,21830,22187,77112,82358
2024-08-29,202409,false,21938,22245,21900,22167,21720,22027,21682,21949,80378,79788
2024-08-30,202409,false,22320,22366,22213,22318,22102,22148,21995,22100,62747,82251
2024-09-02,202409,false,22318,22448,22172,22212,22100,22230,21954,21994,72350,84141
2024-09-03,202409,false,22205,22314,22000,22051,21987,22096,21782,21833,72699,82306
2024-09-04,202409,false,21246,21347,20828,20940,21028,21129,20610,20722,139676,75158
2024-09-05,202409,false,21310,21454,21056,21183,21092,21236,20838,20965,85120,73170
2024-09-06,202409,false,21211,21435,21013,21316,20993,21217,20795,21098,92055,72351
2024-09-09,202409,false,20734,21125,20616,21083,20516,20907,20398,20865,95274,71092
2024-09-10,202409,false,21233,21281,20905,21005,21015,21063,20687,20787,96570,69425
2024-09-11,202409,false,21100,21130,20950,21006,20882,20912,20732,20788,74321,70009
2024-09-12,202409,false,21597,21780,21461,21703,21379,21562,21243,21485,91690,67746
2024-09-13,202409,false,21800,21833,21657,21815,21582,21615,21439,21597,74408,53424
2024-09-16,202410,true,21839,21886,21750,21834,21602,21649,21513,21597,36944,54139
2024-09-18,202410,false,21761,21881,21625,21694,21524,21644,21388,21457,42700,66820
2024-09-19,202410,false,21763,22082,21661,22075,21526,21845,21424,21838,82818,73946
2024-09-20,202410,false,22345,22425,22186,22216,22108,22188,21949,21979,69559,77252
2024-09-23,202410,false,22291,22392,22258,22338,22054,22155,22021,22101,52925,79093
2024-09-24,202410,false,22298,22508,22152,22493,22061,22271,21915,22256,77440,76019
2024-09-25,202410,false,22835,22860,22739,22792,22598,22623,22502,22555,63897,79930
2024-09-26,202410,false,23034,23078,22892,22957,22797,22841,22655,22720,65948,81470
2024-09-27,202410,false,23190,23195,22878,22892,22953,22958,22641,22655,75657,82677
2024-09-30,202410,false,22699,22755,22316,22326,22462,22518,22079,22089,87164,80080
2024-10-01,202410,false,22246,22463,22228,22391,22009,22226,21991,22154,57504,80872
2024-10-04,202410,false,22331,22507,22250,22288,22094,22270,22013,22051,83107,79065
2024-10-07,202410,false,22570,22808,22539,22767,22333,22571,22302,22530,76667,82989
2024-10-08,202410,false,22606,22634,22392,22578,22369,22397,22155,22341,73369,77985
2024-10-09,202410,false,22770,22888,22666,22699,22533,22651,22429,22462,66303,78346
2024-10-11,202410,false,22829,23047,22794,22911,22592,22810,22557,22674,69251,77427
2024-10-14,202410,false,22987,23049,22818,23005,22750,22812,22581,22768,85874,51580
2024-10-15,202411,true,23225,23441,23165,23288,22928,23144,22868,22991,31828,57399
2024-10-16,202411,false,22952,23260,22921,23061,22655,22963,22624,22764,49987,70333
2024-10-17,202411,false,23142,23277,23005,23256,22845,22980,22708,22959,75826,71693
2024-10-18,202411,false,23820,23840,23527,23657,23523,23543,23230,23360,90326,74956
2024-10-21,202411,false,23810,23836,23566,23574,23513,23539,23269,23277,53481,74766
2024-10-22,202411,false,23560,23637,23332,23621,23263,23340,23035,23324,70377,72949
2024-10-23,202411,false,23498,23511,23336,23409,23201,23214,23039,23112,65409,72810
2024-10-24,202411,false,23383,23449,23203,23290,23086,23152,22906,22993,73038,71208
2024-10-25,202411,false,23270,23487,23252,23476,22973,23190,22955,23179,57307,74207
2024-10-28,202411,false,23650,23657,23216,23322,23353,23360,22919,23025,84796,74614
2024-10-29,202411,false,23137,23148,22693,22979,22840,22851,22396,22682,107580,74625
2024-10-30,202411,false,23072,23145,22845,22901,22775,22848,22548,22604,63255,73683
2024-11-01,202411,false,22397,22822,22232,22767,22100,22525,21935,22470,87411,71644
2024-11-04,202411,false,22767,23046,22700,23036,22470,22749,22403,22739,65879,72446
2024-11-05,202411,false,22808,23239,22782,23137,22511,22942,22485,22840,73010,72684
2024-11-06,202411,false,23250,23448,23051,23319,22953,23151,22754,23022,102643,74000
2024-11-07,202411,false,23183,23576,23085,23525,22886,23279,22788,23228,78519,75116
2024-11-08,202411,false,23772,23794,23528,23774,23475,23497,23231,23477,71139,73378
2024-11-11,202411,false,23555,23632,23309,23572,23258,23335,23012,23275,71558,74767
2024-11-12,202411,false,23013,23242,22863,22875,22716,22945,22566,22578,84421,73649
2024-11-13,202411,false,22755,23015,22730,22786,22458,22718,22433,22489,73177,70949
2024-11-14,202411,false,22786,22880,22576,22692,22489,22583,22279,22395,86815,70720
2024-11-15,202411,false,22710,22930,22684,22762,22413,22633,22387,22465,71504,68388
2024-11-18,202411,false,22654,22789,22544,22573,22357,22492,22247,22276,93348,45523
2024-11-19,202412,true,22666,23032,22631,22895,22322,22688,22287,22551,36205,61280
2024-11-20,202412,false,22947,22999,22755,22779,22603,22655,22411,22435,40878,72806
2024-11-21,202412,false,22647,22733,22514,22575,22303,22389,22170,22231,74026,76311
2024-11-22,202412,false,22811,23066,22780,23032,22467,22722,22436,22688,71376,75719
2024-11-25,202412,false,23254,23287,23014,23062,22910,22943,22670,22718,61805,81318
2024-11-26,202412,false,22710,22845,22615,22634,22366,22501,22271,22290,68259,81107
2024-11-27,202412,false,22600,22690,22341,22352,22256,22346,21997,22008,67320,81400
2024-11-28,202412,false,22302,22385,22117,22330,21958,22041,21773,21986,75167,81045
2024-11-29,202412,false,22210,22438,22004,22307,21866,22094,21660,21963,84632,79496
2024-12-02,202412,false,22530,22828,22498,22822,22186,22484,22154,22478,61921,78718
2024-12-03,202412,false,23152,23191,22999,23111,22808,22847,22655,22767,64384,77052
2024-12-04,202412,false,23200,23296,23071,23286,22856,22952,22727,22942,52064,75381
2024-12-05,202412,false,23260,23328,23211,23252,22916,22984,22867,22908,45283,74237
2024-12-06,202412,false,23321,23360,23134,23180,22977,23016,22790,22836,60688,73146
2024-12-09,202412,false,23193,23287,23170,23250,22849,22943,22826,22906,47014,73376
2024-12-10,202412,false,23228,23337,23026,23078,22884,22993,22682,22734,70540,74389
2024-12-11,202412,false,22887,23055,22824,22847,22543,22711,22480,22503,60252,76378
2024-12-12,202412,false,23004,23211,23003,23107,22660,22867,22659,22763,59344,77376
2024-12-13,202412,false,22996,23092,22888,22984,22652,22748,22544,22640,64309,73029
2024-12-16,202412,false,23220,23270,22946,22966,22876,22926,22602,22622,95042,44146
2024-12-17,202501,true,23175,23260,23082,23096,22765,22850,22672,22686,33806,58344
2024-12-18,202501,false,23002,23249,22972,23179,22592,22839,22562,22769,43700,69637
2024-12-19,202501,false,22747,22906,22718,22852,22337,22496,22308,22442,72523,72346
2024-12-20,202501,false,22767,22793,22590,22631,22357,22383,22180,22221,75535,71133
2024-12-23,202501,false,22904,23245,22899,23233,22494,22835,22489,22823,67589,73230
2024-12-24,202501,false,23430,23459,23187,23201,23020,23049,22777,22791,47581,72189
2024-12-25,202501,false,23340,23349,23240,23326,22930,22939,22830,22916,32836,72934
2024-12-26,202501,false,23358,23380,23285,23326,22948,22970,22875,22916,27231,74328
2024-12-27,202501,false,23194,23378,23148,23372,22784,22968,22738,22962,43009,73146
2024-12-30,202501,false,23202,23324,23154,23171,22792,22914,22744,22761,37022,73059
2024-12-31,202501,false,22998,23110,22955,23044,22588,22700,22545,22634,48455,72625
2025-01-02,202501,false,22935,22995,22689,22843,22525,22585,22279,22433,78968,73861
2025-01-03,202501,false,22935,23108,22905,22977,22525,22698,22495,22567,62488,71366
2025-01-06,202501,false,23222,23620,23218,23606,22812,23210,22808,23196,71554,73696
2025-01-07,202501,false,23965,23990,23723,23742,23555,23580,23313,23332,60282,72125
2025-01-08,202501,false,23549,23649,23439,23449,23139,23239,23029,23039,57685,75245
2025-01-09,202501,false,23258,23410,23083,23099,22848,23000,22673,22689,61445,74063
2025-01-10,202501,false,23083,23141,22955,23058,22673,22731,22545,22648,66921,68891
2025-01-13,202501,false,22960,23008,22431,22540,22550,22598,22021,22130,125404,46700
2025-01-14,202502,true,22690,22833,22595,22824,22210,22353,22115,22344,34028,57401
2025-01-15,202502,false,22814,22821,22512,22515,22334,22341,22032,22035,40448,69986
2025-01-16,202502,false,23080,23217,22990,23035,22600,22737,22510,22555,72531,73986
2025-01-17,202502,false,23277,23318,22956,23188,22797,22838,22476,22708,65291,68511
2025-01-20,202502,false,23249,23417,23222,23343,22769,22937,22742,22863,44940,69976
2025-01-21,202502,false,23426,23432,23203,23361,22946,22952,22723,22881,54466,69026
2025-01-22,202502,false,23600,23719,23573,23689,23120,23239,23093,23209,53241,70561
2025-02-03,202502,false,22680,22817,22539,22596,22200,22337,22059,22116,84296,71520
2025-02-04,202502,false,22919,22945,22708,22825,22439,22465,22228,22345,58313,70096
2025-02-05,202502,false,23077,23284,23063,23137,22597,22804,22583,22657,58490,71331
2025-02-06,202502,false,23355,23379,23234,23295,22875,22899,22754,22815,39302,71292
2025-02-07,202502,false,23285,23465,23278,23428,22805,22985,22798,22948,38176,72754
2025-02-10,202502,false,23324,23366,23167,23236,22844,22886,22687,22756,53285,70257
2025-02-11,202502,false,23391,23503,23302,23334,22911,23023,22822,22854,48345,70316
2025-02-12,202502,false,23429,23536,23292,23311,22949,23056,22812,22831,50117,71120
2025-02-13,202502,false,23435,23460,23250,23401,22955,22980,22770,22921,46850,70651
2025-02-14,202502,false,23338,23349,23116,23180,22858,22869,22636,22700,62395,68771
2025-02-17,202502,false,23286,23540,23283,23506,22806,23060,22803,23026,81615,41481
2025-02-18,202503,true,23581,23665,23483,23652,23094,23178,22996,23165,29455,58010
2025-02-19,202503,false,23582,23695,23568,23610,23095,23208,23081,23123,32947,67747
2025-02-20,202503,false,23505,23564,23371,23536,23018,23077,22884,23049,58443,70449
2025-02-21,202503,false,23533,23761,23474,23743,23046,23274,22987,23256,54437,73602
2025-02-24,202503,false,23549,23564,23444,23556,23062,23077,22957,23069,48887,71659
2025-02-25,202503,false,23231,23345,23138,23295,22744,22858,22651,22808,60003,72911
2025-02-26,202503,false,23150,23421,23104,23417,22663,22934,22617,22930,59018,73697
2025-02-27,202503,false,23374,23434,23127,23189,22887,22947,22640,22702,68861,72728
2025-03-03,202503,false,22650,22797,22611,22724,22163,22310,22124,22237,78247,78397
2025-03-04,202503,false,22242,22668,22194,22588,21755,22181,21707,22101,84542,75369
2025-03-05,202503,false,22659,22927,22637,22892,22172,22440,22150,22405,67984,75373
2025-03-06,202503,false,22991,23017,22704,22762,22504,22530,22217,22275,56232,73607
2025-03-07,202503,false,22499,22685,22480,22523,22012,22198,21993,22036,54464,73308
2025-03-10,202503,false,22456,22547,22315,22446,21969,22060,21828,21959,65258,74605
2025-03-11,202503,false,21868,22085,21661,22027,21381,21598,21174,21540,87716,74438
2025-03-12,202503,false,22101,22345,22044,22234,21614,21858,21557,21747,67700,74512
2025-03-13,202503,false,22445,22475,21917,21923,21958,21988,21430,21436,76396,75560
2025-03-14,202503,false,22120,22131,21874,21962,21633,21644,21387,21475,73591,73816
2025-03-17,202503,false,22161,22312,22111,22155,21674,21825,21624,21668,91180,47768
2025-03-18,202504,true,22359,22380,22196,22249,21850,21871,21687,21740,35835,61366
2025-03-19,202504,false,22244,22262,21977,22018,21735,21753,21468,21509,45036,72749
2025-03-20,202504,false,22236,22417,22202,22365,21727,21908,21693,21856,62082,75891
2025-03-21,202504,false,22323,22377,22173,22181,21814,21868,21664,21672,59593,74124
2025-03-24,202504,false,22302,22399,22124,22151,21793,21890,21615,21642,53681,73844
2025-03-25,202504,false,22330,22443,22202,22301,21821,21934,21693,21792,64095,72654
2025-03-26,202504,false,22409,22429,22250,22304,21900,21920,21741,21795,53992,73536
2025-03-27,202504,false,22031,22052,21891,21971,21522,21543,21382,21462,60620,77260
2025-03-28,202504,false,21750,21795,21485,21599,21241,21286,20976,21090,79673,78618
2025-03-31,202504,false,20856,21065,20724,20764,20347,20556,20215,20255,103146,77322
2025-04-01,202504,false,21000,21271,20888,21187,20491,20762,20379,20678,81447,75350
2025-04-02,202504,false,21273,21360,21188,21296,20764,20851,20679,20787,66423,73424
2025-04-07,202504,false,19167,19167,19167,19167,18658,18658,18658,18658,2736,72153
2025-04-08,202504,false,18596,18754,18004,18169,18087,18245,17495,17660,152423,74145
2025-04-09,202504,false,17846,18286,17139,17184,17337,17777,16630,16675,176779,75040
2025-04-10,202504,false,18902,18902,18902,18902,18393,18393,18393,18393,2382,73614
2025-04-11,202504,false,18560,19566,18441,19543,18051,19057,17932,19034,132834,68917
2025-04-14,202504,false,19800,19982,19450,19497,19291,19473,18941,18988,129898,42611
2025-04-15,202505,true,19555,19803,19482,19778,19062,19310,18989,19285,41339,61771
2025-04-16,202505,false,19539,19622,19304,19349,19046,19129,18811,18856,52635,72455
2025-04-17,202505,false,19243,19406,19112,19367,18750,18913,18619,18874,79033,75353
2025-04-18,202505,false,19380,19432,19288,19334,18887,18939,18795,18841,43062,75346
2025-04-21,202505,false,19347,19368,19027,19099,18854,18875,18534,18606,60135,77958
2025-04-22,202505,false,18945,19035,18773,18803,18452,18542,18280,18310,69898,77935
2025-04-23,202505,false,19250,19596,19171,19558,18757,19103,18678,19065,76954,80243
2025-04-24,202505,false,19636,19682,19413,19460,19143,19189,18920,18967,58194,76921
2025-04-25,202505,false,19980,20008,19848,19873,19487,19515,19355,19380,66662,76739
2025-04-28,202505,false,19965,20053,19933,19965,19472,19560,19440,19472,44357,75569
2025-04-29,202505,false,19980,20207,19963,20155,19487,19714,19470,19662,57788,77121
2025-04-30,202505,false,20091,20268,20065,20154,19598,19775,19572,19661,58130,75177
2025-05-02,202505,false,20488,20710,20469,20682,19995,20217,19976,20189,61777,78333
2025-05-05,202505,false,20757,20796,20206,20423,20264,20303,19713,19930,97067,78398
2025-05-06,202505,false,20150,20483,20150,20345,19657,19990,19657,19852,69754,82061
2025-05-07,202505,false,20440,20560,20265,20377,19947,20067,19772,19884,73631,83188
2025-05-08,202505,false,20475,20695,20452,20578,19982,20202,19959,20085,63264,85049
2025-05-09,202505,false,20649,20872,20596,20845,20156,20379,20103,20352,67856,87495
2025-05-12,202505,false,21015,21134,20978,21073,20522,20641,20485,20580,58691,89150
2025-05-13,202505,false,21421,21520,21288,21355,20928,21027,20795,20862,61021,88220
2025-05-14,202505,false,21677,21787,21579,21772,21184,21294,21086,21279,59116,89341
2025-05-15,202505,false,21776,21810,21676,21695,21283,21317,21183,21202,45704,87724
2025-05-16,202505,false,21775,21878,21679,21823,21282,21385,21186,21330,55404,81711
2025-05-19,202505,false,21682,21748,21499,21538,21189,21255,21006,21045,98203,47853
2025-05-20,202506,true,21663,21663,21412,21459,21254,21254,21003,21050,45424,81538
2025-05-21,202506,false,21472,21747,21472,21683,21063,21338,21063,21274,44969,91948
2025-05-22,202506,false,21465,21550,21396,21499,21056,21141,20987,21090,48283,94839
2025-05-23,202506,false,21558,21640,21372,21466,21149,21231,20963,21057,51667,94058
2025-05-26,202506,false,21450,21569,21357,21381,21041,21160,20948,20972,56961,96104
2025-05-27,202506,false,21403,21438,21133,21221,20994,21029,20724,20812,61109,98345
2025-05-28,202506,false,21420,21512,21150,21250,21011,21103,20741,20841,69146,98298
2025-05-29,202506,false,21513,21616,21275,21317,21104,21207,20866,20908,76415,98813
2025-06-02,202506,false,20976,21049,20790,20870,20567,20640,20381,20461,66441,99450
2025-06-03,202506,false,21034,21221,20955,20974,20625,20812,20546,20565,64909,94985
2025-06-04,202506,false,21280,21533,21261,21479,20871,21124,20852,21070,61616,96663
2025-06-05,202506,false,21589,21677,21512,21554,21180,21268,21103,21145,46482,95433
2025-06-06,202506,false,21599,21630,21513,21566,21190,21221,21104,21157,37655,93993
2025-06-09,202506,false,21663,21788,21626,21719,21254,21379,21217,21310,43471,93256
2025-06-10,202506,false,21879,22236,21850,22116,21470,21827,21441,21707,70320,95418
2025-06-11,202506,false,22296,22355,22190,22344,21887,21946,21781,21935,53385,92578
2025-06-12,202506,false,22315,22329,22214,22253,21906,21920,21805,21844,43973,89914
2025-06-13,202506,false,21954,22139,21893,21940,21545,21730,21484,21531,87803,82391
2025-06-16,202506,false,22030,22061,21868,22032,21621,21652,21459,21623,95307,43164
2025-06-17,202507,true,21801,21906,21683,21791,21764,21869,21646,21754,49873,86337
2025-06-18,202507,false,21714,21962,21694,21931,21677,21925,21657,21894,40655,94806
2025-06-19,202507,false,21820,21857,21675,21703,21783,21820,21638,21666,52900,94618
2025-06-20,202507,false,21635,21743,21470,21650,21598,21706,21433,21613,67982,94668
2025-06-23,202507,false,21350,21484,21205,21472,21313,21447,21168,21435,72002,95600
2025-06-24,202507,false,21770,21966,21764,21959,21733,21929,21727,21922,69758,96864
2025-06-25,202507,false,22138,22168,22017,22163,22101,22131,21980,22126,49936,98944
2025-06-26,202507,false,22161,22263,22078,22115,22124,22226,22041,22078,59606,103211
2025-06-27,202507,false,22197,22221,21989,22122,22160,22184,21952,22085,60785,104644
2025-06-30,202507,false,22239,22254,22083,22144,22202,22217,22046,22107,50980,105186
2025-07-01,202507,false,22197,22593,22191,22352,22160,22556,22154,22315,86050,107188
2025-07-02,202507,false,22298,22401,22208,22393,22261,22364,22171,22356,47593,105700
2025-07-03,202507,false,22568,22716,22547,22680,22531,22679,22510,22643,53951,105475
2025-07-04,202507,false,22739,22762,22431,22436,22702,22725,22394,22399,56506,103430
2025-07-07,202507,false,22349,22506,22244,22328,22312,22469,22207,22291,61023,103756
2025-07-08,202507,false,22353,22397,22141,22258,22316,22360,22104,22221,63578,102521
2025-07-09,202507,false,22250,22473,22146,22434,22213,22436,22109,22397,57715,102304
2025-07-10,202507,false,22470,22647,22410,22607,22433,22610,22373,22570,58504,99658
2025-07-11,202507,false,22519,22774,22488,22767,22482,22737,22451,22730,62637,94213
2025-07-14,202507,false,22670,22695,22520,22547,22633,22658,22483,22510,90014,56475
2025-07-15,202508,true,22382,22734,22367,22669,22480,22832,22465,22767,55753,90898
2025-07-16,202508,false,22704,22998,22701,22917,22802,23096,22799,23015,42855,99502
2025-07-17,202508,false,22958,23150,22866,23137,23056,23248,22964,23235,60136,101922
2025-07-18,202508,false,23350,23399,23230,23260,23448,23497,23328,23358,51164,97291
2025-07-21,202508,false,23234,23301,23172,23220,23332,23399,23270,23318,40802,94889
2025-07-22,202508,false,23241,23406,22977,22996,23339,23504,23075,23094,77037,95637
2025-07-23,202508,false,23006,23258,23000,23184,23104,23356,23098,23282,63250,96205
2025-07-24,202508,false,23400,23408,23229,23303,23498,23506,23327,23401,46341,95050
2025-07-25,202508,false,23264,23328,23207,23237,23362,23426,23305,23335,43044,95497
2025-07-28,202508,false,23368,23483,23265,23385,23466,23581,23363,23483,55104,94908
2025-07-29,202508,false,23326,23359,23027,23151,23424,23457,23125,23249,73363,91715
2025-07-30,202508,false,23213,23421,23198,23359,23311,23519,23296,23457,72116,91069
2025-07-31,202508,false,23497,23621,23355,23584,23595,23719,23453,23682,66444,91643
2025-08-01,202508,false,23064,23442,23048,23345,23162,23540,23146,23443,69641,87973
2025-08-04,202508,false,23108,23300,23032,23272,23206,23398,23130,23370,55560,88001
2025-08-05,202508,false,23446,23584,23421,23577,23544,23682,23519,23675,52372,89813
2025-08-06,202508,false,23423,23483,23381,23417,23521,23581,23479,23515,45239,86040
2025-08-07,202508,false,23660,24054,23653,23997,23758,24152,23751,24095,71465,88584
2025-08-08,202508,false,24091,24095,23947,23953,24189,24193,24045,24051,42140,85806
2025-08-11,202508,false,23973,24223,23833,24148,24071,24321,23931,24246,62090,84207
2025-08-12,202508,false,24155,24241,24088,24142,24253,24339,24186,24240,53748,82714
2025-08-13,202508,false,24298,24412,24154,24343,24396,24510,24252,24441,71303,82242
2025-08-14,202508,false,24337,24362,24207,24252,24435,24460,24305,24350,46241,80505
2025-08-15,202508,false,24282,24385,24188,24297,24380,24483,24286,24395,64076,71601
2025-08-18,202508,false,24199,24462,24176,24424,24297,24560,24274,24522,86686,45335
2025-08-19,202509,true,24361,24422,24280,24288,24517,24578,24436,24444,35485,65122
2025-08-20,202509,false,24100,24140,23613,23661,24256,24296,23769,23817,64312,77044
2025-08-21,202509,false,23729,23943,23691,23852,23885,24099,23847,24008,63709,78314
2025-08-22,202509,false,23877,23982,23732,23750,24033,24138,23888,23906,56030,79917
2025-08-25,202509,false,24120,24314,24070,24255,24276,24470,24226,24411,63108,79500
2025-08-26,202509,false,24143,24281,24090,24255,24299,24437,24246,24411,53798,78136
2025-08-27,202509,false,24350,24496,24331,24464,24506,24652,24487,24620,51154,79386
2025-08-28,202509,false,24358,24420,24203,24224,24514,24576,24359,24380,62184,77692
2025-08-29,202509,false,24401,24453,24246,24268,24557,24609,24402,24424,56576,76941
2025-09-01,202509,false,24120,24245,23847,24007,24276,24401,24003,24163,82254,77422
2025-09-02,202509,false,24083,24249,23879,23972,24239,24405,24035,24128,78953,77919
2025-09-03,202509,false,23966,24083,23888,23997,24122,24239,24044,24153,57816,78405
2025-09-04,202509,false,24195,24365,24113,24130,24351,24521,24269,24286,78433,77307
2025-09-05,202509,false,24363,24429,24286,24424,24519,24585,24442,24580,55821,77754
2025-09-08,202509,false,24588,24674,24518,24556,24744,24830,24674,24712,58765,77312
2025-09-09,202509,false,24725,24838,24660,24803,24881,24994,24816,24959,56977,79446
2025-09-10,202509,false,24970,25244,24961,25176,25126,25400,25117,25332,70661,81079
2025-09-11,202509,false,25386,25464,25176,25233,25542,25620,25332,25389,73339,80304
2025-09-12,202509,false,25418,25466,25350,25458,25574,25622,25506,25614,55444,73194
2025-09-15,202509,false,25404,25450,25269,25347,25560,25606,25425,25503,89375,40730
2025-09-16,202510,true,25439,25665,25416,25635,25585,25811,25562,25781,39771,60971
2025-09-17,202510,false,25575,25596,25441,25473,25721,25742,25587,25619,33472,67628
2025-09-18,202510,false,25623,25747,25490,25712,25769,25893,25636,25858,60615,71532
2025-09-19,202510,false,25850,25853,25636,25670,25996,25999,25782,25816,59278,71778
2025-09-22,202510,false,25756,25941,25689,25893,25902,26087,25835,26039,57516,72252
2025-09-23,202510,false,26058,26328,26023,26263,26204,26474,26169,26409,77069,73045
2025-09-24,202510,false,26376,26393,26072,26234,26522,26539,26218,26380,71446,70919
2025-09-25,202510,false,26191,26283,26087,26095,26337,26429,26233,26241,55994,69269
2025-09-26,202510,false,25944,25991,25500,25660,26090,26137,25646,25806,95718,68993
2025-09-30,202510,false,25800,26046,25797,25953,25946,26192,25943,26099,58862,68612
2025-10-01,202510,false,26094,26375,26000,26043,26240,26521,26146,26189,77280,68183
2025-10-02,202510,false,26459,26527,26381,26424,26605,26673,26527,26570,57057,69805
2025-10-03,202510,false,26480,26764,26388,26736,26626,26910,26534,26882,68029,71284
2025-10-07,202510,false,27202,27356,26995,27317,27348,27502,27141,27463,70532,71648
2025-10-08,202510,false,27061,27127,26912,27093,27207,27273,27058,27239,58514,69901
2025-10-09,202510,false,27440,27455,27273,27338,27586,27601,27419,27484,71155,67679
2025-10-13,202510,false,26450,26945,26390,26915,26596,27091,26536,27061,112620,41428
2025-10-14,202511,true,27309,27493,26762,26770,27410,27594,26863,26871,49859,53868
2025-10-15,202511,false,26878,27300,26821,27289,26979,27401,26922,27390,50492,61267
2025-10-16,202511,false,27545,27877,27450,27818,27646,27978,27551,27919,93889,64988
2025-10-17,202511,false,27251,27545,27244,27328,27352,27646,27345,27429,70093,65454
2025-10-20,202511,false,27444,27824,27432,27780,27545,27925,27533,27881,75805,66733
2025-10-21,202511,false,27900,28036,27798,27831,28001,28137,27899,27932,73065,67357
2025-10-22,202511,false,27690,27797,27526,27708,27791,27898,27627,27809,77497,64052
2025-10-23,202511,false,27385,27629,27313,27556,27486,27730,27414,27657,58000,63279
2025-10-27,202511,false,28284,28291,28079,28219,28385,28392,28180,28320,60960,64355
2025-10-28,202511,false,28233,28250,27984,28005,28334,28351,28085,28106,58805,64509
2025-10-29,202511,false,28225,28446,28203,28414,28326,28547,28304,28515,59854,66115
2025-10-30,202511,false,28430,28552,28181,28399,28531,28653,28282,28500,79008,65284
2025-10-31,202511,false,28478,28588,28378,28430,28579,28689,28479,28531,66689,66350
2025-11-03,202511,false,28380,28583,28229,28341,28481,28684,28330,28442,71870,67082
2025-11-04,202511,false,28410,28594,28113,28119,28511,28695,28214,28220,87286,67053
2025-11-05,202511,false,27710,27850,27415,27808,27811,27951,27516,27909,112619,68021
2025-11-06,202511,false,28010,28141,27903,28034,28111,28242,28004,28135,69013,67626
2025-11-07,202511,false,27777,27838,27596,27721,27878,27939,27697,27822,78246,67248
2025-11-10,202511,false,27777,28039,27718,28016,27878,28140,27819,28117,70027,67200
2025-11-11,202511,false,28149,28180,27762,27780,28250,28281,27863,27881,68312,66600
2025-11-12,202511,false,27889,28078,27858,28059,27990,28179,27959,28160,59591,67622
2025-11-13,202511,false,28038,28044,27802,27978,28139,28145,27903,28079,69907,65717
2025-11-14,202511,false,27510,27596,27366,27404,27611,27697,27467,27505,75965,66940
2025-11-17,202511,false,27570,27690,27465,27481,27671,27791,27566,27582,105151,38590
2025-11-18,202512,true,27129,27279,26786,26822,27222,27372,26879,26915,47229,56490
2025-11-19,202512,false,26801,26919,26559,26606,26894,27012,26652,26699,51969,66420
2025-11-20,202512,false,27308,27492,27201,27484,27401,27585,27294,27577,86253,67010
2025-11-21,202512,false,26750,26770,26397,26476,26843,26863,26490,26569,94807,72140
2025-11-24,202512,false,26705,26730,26536,26614,26798,26823,26629,26707,64017,72691
2025-11-25,202512,false,27055,27105,26773,26933,27148,27198,26866,27026,65279,71578
2025-11-26,202512,false,27188,27384,27133,27339,27281,27477,27226,27432,65611,75477
2025-11-27,202512,false,27518,27649,27461,27579,27611,27742,27554,27672,61470,73249
2025-11-28,202512,false,27590,27854,27558,27737,27683,27947,27651,27830,59543,73818
2025-12-01,202512,false,27650,27674,27401,27406,27743,27767,27494,27499,64629,71269
2025-12-02,202512,false,27674,27789,27528,27559,27767,27882,27621,27652,56480,70686
2025-12-03,202512,false,27808,27888,27690,27760,27901,27981,27783,27853,54873,71057
2025-12-04,202512,false,27841,27880,27670,27798,27934,27973,27763,27891,49647,71290
2025-12-05,202512,false,27792,28019,27763,28010,27885,28112,27856,28103,57889,73290
2025-12-08,202512,false,28054,28298,28019,28284,28147,28391,28112,28377,46283,74455
2025-12-09,202512,false,28350,28360,28204,28217,28443,28453,28297,28310,41059,73380
2025-12-10,202512,false,28279,28434,28252,28400,28372,28527,28345,28493,52229,74077
2025-12-11,202512,false,28600,28602,28059,28101,28693,28695,28152,28194,76960,73166
2025-12-12,202512,false,28266,28342,28157,28290,28359,28435,28250,28383,55172,69510
2025-12-15,202512,false,27834,27984,27755,27910,27927,28077,27848,28003,78935,46562
2025-12-16,202601,true,27731,27779,27504,27728,27731,27779,27504,27728,44884,57520
2025-12-17,202601,false,27714,27858,27591,27689,27714,27858,27591,27689,43856,66332
2025-12-18,202601,false,27500,27679,27457,27598,27500,27679,27457,27598,66879,70943
2025-12-19,202601,false,27800,27983,27795,27897,27800,27983,27795,27897,64331,71847
2025-12-22,202601,false,28256,28368,28170,28341,28256,28368,28170,28341,52684,73240
2025-12-23,202601,false,28392,28455,28359,28415,28392,28455,28359,28415,38940,72941
2025-12-24,202601,false,28565,28577,28400,28467,28565,28577,28400,28467,37086,74207
2025-12-26,202601,false,28595,28714,28536,28677,28595,28714,28536,28677,44249,75964
2025-12-29,202601,false,28749,28998,28713,28940,28749,28998,28713,28940,49289,77251
2025-12-30,202601,false,28777,28942,28705,28875,28777,28942,28705,28875,45027,75004
2025-12-31,202601,false,28842,29053,28782,29014,28842,29053,28782,29014,53098,72855
