date,contract_month,roll_day,open,high,low,close,adjusted_open,adjusted_high,adjusted_low,adjusted_close,volume,open_interest
2020-01-02,202001,false,12044,12120,12023,12101,8439,8515,8418,8496,100401,87608
2020-01-03,202001,false,12180,12198,11996,12087,8575,8593,8391,8482,172660,85123
2020-01-06,202001,false,12017,12034,11948,11949,8412,8429,8343,8344,118380,86049
2020-01-07,202001,false,11995,12009,11816,11871,8390,8404,8211,8266,157264,82993
2020-01-08,202001,false,11728,11892,11697,11788,8123,8287,8092,8183,158971,81175
2020-01-09,202001,false,11919,11998,11883,11969,8314,8393,8278,8364,115014,80949
2020-01-10,202001,false,12005,12042,11953,12011,8400,8437,8348,8406,114171,72684
2020-01-13,202001,false,12085,12121,12044,12116,8480,8516,8439,8511,142642,58810
2020-01-14,202002,true,12156,12171,12122,12155,8577,8592,8543,8576,37503,61784
2020-01-15,202002,false,12139,12148,12042,12054,8560,8569,8463,8475,65151,76515
2020-01-16,202002,false,12040,12078,11990,12052,8461,8499,8411,8473,106272,78587
2020-01-17,202002,false,12103,12118,12029,12071,8524,8539,8450,8492,101199,77466
2020-01-20,202002,false,12119,12160,12097,12111,8540,8581,8518,8532,77557,77182
2020-01-30,202002,false,11770,11798,11366,11372,8191,8219,7787,7793,248664,86323
2020-01-31,202002,false,11460,11567,11407,11469,7881,7988,7828,7890,154361,84049
2020-02-03,202002,false,11285,11370,11152,11324,7706,7791,7573,7745,206381,84916
2020-02-04,202002,false,11373,11557,11362,11534,7794,7978,7783,7955,145462,81907
2020-02-05,202002,false,11603,11620,11474,11542,8024,8041,7895,7963,155144,80299
2020-02-06,202002,false,11651,11744,11628,11739,8072,8165,8049,8160,122911,81655
2020-02-07,202002,false,11660,11666,11566,11589,8081,8087,7987,8010,125747,76980
2020-02-10,202002,false,11455,11598,11402,11565,7876,8019,7823,7986,147183,77151
2020-02-11,202002,false,11625,11689,11613,11664,8046,8110,8034,8085,92406,75559
2020-02-12,202002,false,11663,11797,11647,11770,8084,8218,8068,8191,105501,79401
2020-02-13,202002,false,11798,11837,11762,11775,8219,8258,8183,8196,110031,77110
2020-02-14,202002,false,11757,11852,11755,11810,8178,8273,8176,8231,102988,72508
2020-02-17,202002,false,11710,11792,11702,11769,8131,8213,8123,8190,109882,56156
2020-02-18,202003,true,11699,11699,11610,11629,8131,8131,8042,8061,46058,65152
2020-02-19,202003,false,11657,11787,11621,11763,8089,8219,8053,8195,70098,73479
2020-02-20,202003,false,11820,11830,11679,11713,8252,8262,8111,8145,137132,74865
2020-02-21,202003,false,11665,11765,11636,11663,8097,8197,8068,8095,139432,75344
2020-02-24,202003,false,11509,11587,11476,11511,7941,8019,7908,7943,136123,79312
2020-02-25,202003,false,11400,11561,11386,11541,7832,7993,7818,7973,148777,81168
2020-02-26,202003,false,11383,11482,11365,11421,7815,7914,7797,7853,162698,80774
2020-02-27,202003,false,11395,11447,11237,11276,7827,7879,7669,7708,168661,82289
2020-03-02,202003,false,11011,11278,11005,11176,7443,7710,7437,7608,203861,85979
2020-03-03,202003,false,11313,11375,11278,11321,7745,7807,7710,7753,165499,81816
2020-03-04,202003,false,11348,11369,11267,11358,7780,7801,7699,7790,142617,83414
2020-03-05,202003,false,11450,11501,11428,11491,7882,7933,7860,7923,112997,88673
2020-03-06,202003,false,11400,11420,11260,11269,7832,7852,7692,7701,154698,86748
2020-03-09,202003,false,10975,11108,10916,10951,7407,7540,7348,7383,213069,85921
2020-03-10,202003,false,10830,10996,10779,10981,7262,7428,7211,7413,209076,83209
2020-03-11,202003,false,10979,11029,10807,10824,7411,7461,7239,7256,183871,83903
2020-03-12,202003,false,10750,10765,10161,10362,7182,7197,6593,6794,331510,91379
2020-03-13,202003,false,9749,10147,9450,10027,6181,6579,5882,6459,348943,94984
2020-03-16,202003,false,9919,10055,9636,9679,6351,6487,6068,6111,260020,70351
2020-03-17,202004,true,9200,9557,9156,9205,5798,6155,5754,5803,66897,75028
2020-03-18,202004,false,9250,9309,8914,8919,5848,5907,5512,5517,127004,93069
2020-03-19,202004,false,8820,8872,8268,8356,5418,5470,4866,4954,307231,104495
2020-03-20,202004,false,8562,9166,8544,9041,5160,5764,5142,5639,266159,97916
2020-03-23,202004,false,8609,8868,8555,8665,5207,5466,5153,5263,180341,102203
2020-03-24,202004,false,8998,9295,8986,9193,5596,5893,5584,5791,179105,93814
2020-03-25,202004,false,9410,9624,9370,9585,6008,6222,5968,6183,209717,84344
2020-03-26,202004,false,9679,9690,9426,9631,6277,6288,6024,6229,190488,81036
2020-03-27,202004,false,9899,9910,9548,9579,6497,6508,6146,6177,187676,80664
2020-03-30,202004,false,9376,9576,9266,9566,5974,6174,5864,6164,164970,82356
2020-03-31,202004,false,9666,9717,9495,9595,6264,6315,6093,6193,142747,83397
2020-04-01,202004,false,9588,9650,9551,9555,6186,6248,6149,6153,116273,83725
2020-04-06,202004,false,9741,9860,9582,9823,6339,6458,6180,6421,146380,82196
2020-04-07,202004,false,9955,10020,9878,9998,6553,6618,6476,6596,137022,81049
2020-04-08,202004,false,9950,10135,9945,10122,6548,6733,6543,6720,130314,80878
2020-04-09,202004,false,10131,10197,10028,10100,6729,6795,6626,6698,135819,80629
2020-04-10,202004,false,10038,10140,10030,10133,6636,6738,6628,6731,74244,79143
2020-04-13,202004,false,10084,10149,10031,10079,6682,6747,6629,6677,124231,57207
2020-04-14,202005,true,10012,10273,10001,10263,6690,6951,6679,6941,46563,61886
2020-04-15,202005,false,10270,10366,10245,10325,6948,7044,6923,7003,54271,69366
2020-04-16,202005,false,10177,10343,10161,10301,6855,7021,6839,6979,117908,74924
2020-04-17,202005,false,10575,10669,10456,10563,7253,7347,7134,7241,159024,74507
2020-04-20,202005,false,10515,10560,10458,10475,7193,7238,7136,7153,95719,76238
2020-04-21,202005,false,10406,10467,10144,10196,7084,7145,6822,6874,185566,84193
2020-04-22,202005,false,10145,10226,10065,10222,6823,6904,6743,6900,140413,81780
2020-04-23,202005,false,10268,10402,10154,10292,6946,7080,6832,6970,167258,80199
2020-04-24,202005,false,10231,10292,10211,10268,6909,6970,6889,6946,104624,80100
2020-04-27,202005,false,10373,10567,10368,10545,7051,7245,7046,7223,123332,83798
2020-04-28,202005,false,10600,10605,10480,10583,7278,7283,7158,7261,110417,82619
2020-04-29,202005,false,10655,10770,10631,10709,7333,7448,7309,7387,114379,84001
2020-04-30,202005,false,10813,10971,10803,10947,7491,7649,7481,7625,115419,82151
2020-05-04,202005,false,10540,10699,10477,10610,7218,7377,7155,7288,133437,79826
2020-05-05,202005,false,10717,10795,10658,10719,7395,7473,7336,7397,110697,79368
2020-05-06,202005,false,10658,10780,10618,10749,7336,7458,7296,7427,123280,79691
2020-05-07,202005,false,10736,10877,10710,10833,7414,7555,7388,7511,116774,81556
2020-05-08,202005,false,10893,10956,10853,10894,7571,7634,7531,7572,106019,81650
2020-05-11,202005,false,10979,11038,10935,10982,7657,7716,7613,7660,93372,81804
2020-05-12,202005,false,10902,10932,10802,10865,7580,7610,7480,7543,117000,80674
2020-05-13,202005,false,10783,10925,10776,10914,7461,7603,7454,7592,103023,80579
2020-05-14,202005,false,10828,10877,10738,10749,7506,7555,7416,7427,128433,79237
2020-05-15,202005,false,10830,10869,10701,10817,7508,7547,7379,7495,135179,68025
2020-05-18,202006,true,10711,10754,10659,10696,7454,7497,7402,7439,31108,51339
2020-05-19,202006,false,10869,10895,10796,10803,7612,7638,7539,7546,35574,64208
2020-05-20,202006,false,10849,10898,10808,10851,7592,7641,7551,7594,57754,75675
2020-05-21,202006,false,10903,11008,10894,10953,7646,7751,7637,7696,116771,80534
2020-05-22,202006,false,10928,10935,10723,10744,7671,7678,7466,7487,137601,82807
2020-05-25,202006,false,10800,10840,10651,10821,7543,7583,7394,7564,120809,78195
2020-05-26,202006,false,10896,11027,10891,10984,7639,7770,7634,7727,106978,82589
2020-05-27,202006,false,10962,11037,10926,10973,7705,7780,7669,7716,103162,79890
2020-05-28,202006,false,11066,11077,10856,10911,7809,7820,7599,7654,142469,79493
2020-05-29,202006,false,10888,10950,10806,10919,7631,7693,7549,7662,115914,80552
2020-06-01,202006,false,10983,11103,10971,11057,7726,7846,7714,7800,105285,84173
2020-06-02,202006,false,11080,11140,11072,11107,7823,7883,7815,7850,83041,82263
2020-06-03,202006,false,11250,11299,11206,11283,7993,8042,7949,8026,109433,84902
2020-06-04,202006,false,11419,11425,11306,11358,8162,8168,8049,8101,109338,80932
2020-06-05,202006,false,11399,11473,11377,11457,8142,8216,8120,8200,85304,84404
2020-06-08,202006,false,11550,11626,11491,11570,8293,8369,8234,8313,107836,81247
2020-06-09,202006,false,11596,11622,11521,11606,8339,8365,8264,8349,90763,83646
2020-06-10,202006,false,11634,11730,11596,11704,8377,8473,8339,8447,95474,84424
2020-06-11,202006,false,11689,11738,11475,11491,8432,8481,8218,8234,144385,83836
2020-06-12,202006,false,11331,11432,11250,11391,8074,8175,7993,8134,138977,75548
2020-06-15,202006,false,11356,11446,11216,11225,8099,8189,7959,7968,162092,49266
2020-06-16,202007,true,11228,11358,11224,11329,8164,8294,8160,8265,43449,72897
2020-06-17,202007,false,11282,11376,11278,11359,8218,8312,8214,8295,57633,79296
2020-06-18,202007,false,11372,11425,11295,11395,8308,8361,8231,8331,115951,81858
2020-06-19,202007,false,11424,11439,11361,11409,8360,8375,8297,8345,94025,81935
2020-06-22,202007,false,11374,11498,11362,11421,8310,8434,8298,8357,114951,87201
2020-06-23,202007,false,11493,11540,11346,11456,8429,8476,8282,8392,140506,87354
2020-06-24,202007,false,11541,11570,11503,11523,8477,8506,8439,8459,90292,87060
2020-06-29,202007,false,11394,11458,11315,11363,8330,8394,8251,8299,126715,85134
2020-06-30,202007,false,11460,11502,11412,11470,8396,8438,8348,8406,84812,85169
2020-07-01,202007,false,11482,11623,11472,11544,8418,8559,8408,8480,102446,89399
2020-07-02,202007,false,11585,11712,11566,11695,8521,8648,8502,8631,92103,92250
2020-07-03,202007,false,11788,11850,11752,11834,8724,8786,8688,8770,92327,91045
2020-07-06,202007,false,11921,12072,11905,12067,8857,9008,8841,9003,107214,92777
2020-07-07,202007,false,12149,12192,11990,12028,9085,9128,8926,8964,134410,88719
2020-07-08,202007,false,12041,12145,12025,12126,8977,9081,8961,9062,103418,88695
2020-07-09,202007,false,12202,12222,12118,12149,9138,9158,9054,9085,112588,85609
2020-07-10,202007,false,12204,12213,11987,11995,9140,9149,8923,8931,140575,77309
2020-07-13,202007,false,12139,12210,12105,12204,9075,9146,9041,9140,116687,55380
2020-07-14,202008,true,11974,12059,11960,12030,9068,9153,9054,9124,47618,67267
2020-07-15,202008,false,12149,12162,12018,12084,9243,9256,9112,9178,65976,75951
2020-07-16,202008,false,12066,12094,11931,12029,9160,9188,9025,9123,133119,79226
2020-07-17,202008,false,12088,12138,12011,12039,9182,9232,9105,9133,112518,80779
2020-07-20,202008,false,12073,12075,11903,12033,9167,9169,8997,9127,121048,81773
2020-07-21,202008,false,12125,12324,12121,12288,9219,9418,9215,9382,123081,89833
2020-07-22,202008,false,12301,12361,12256,12332,9395,9455,9350,9426,95059,87678
2020-07-23,202008,false,12309,12313,12199,12287,9403,9407,9293,9381,122819,87279
2020-07-24,202008,false,12232,12352,12123,12150,9326,9446,9217,9244,172087,87471
2020-07-27,202008,false,12410,12572,12407,12498,9504,9666,9501,9592,140577,84694
2020-07-28,202008,false,12834,12900,12408,12454,9928,9994,9502,9548,245816,84488
2020-07-29,202008,false,12446,12543,12392,12421,9540,9637,9486,9515,138924,86704
2020-07-30,202008,false,12617,12627,12488,12595,9711,9721,9582,9689,126225,85832
2020-07-31,202008,false,12606,12644,12525,12576,9700,9738,9619,9670,130348,87808
2020-08-03,202008,false,12531,12567,12405,12440,9625,9661,9499,9534,134894,92153
2020-08-04,202008,false,12516,12632,12489,12629,9610,9726,9583,9723,111175,92179
2020-08-05,202008,false,12700,12746,12643,12741,9794,9840,9737,9835,106101,90734
2020-08-06,202008,false,12856,12925,12753,12836,9950,10019,9847,9930,141397,89700
2020-08-07,202008,false,12860,12866,12706,12759,9954,9960,9800,9853,114920,89890
2020-08-10,202008,false,12779,12905,12720,12854,9873,9999,9814,9948,109604,89556
2020-08-11,202008,false,12825,12874,12727,12735,9919,9968,9821,9829,106920,88168
2020-08-12,202008,false,12700,12701,12565,12655,9794,9795,9659,9749,131890,82261
2020-08-13,202008,false,12816,12836,12702,12725,9910,9930,9796,9819,113664,77993
2020-08-14,202008,false,12696,12790,12646,12789,9790,9884,9740,9883,105105,70280
2020-08-17,202008,false,12776,12959,12771,12953,9870,10053,9865,10047,126563,54015
2020-08-18,202009,true,12920,12947,12796,12831,10060,10087,9936,9971,42289,66236
2020-08-19,202009,false,12877,12910,12739,12749,10017,10050,9879,9889,71906,79917
2020-08-20,202009,false,12695,12709,12067,12298,9835,9849,9207,9438,237845,90054
2020-08-21,202009,false,12466,12598,12423,12551,9606,9738,9563,9691,134925,87789
2020-08-24,202009,false,12568,12653,12503,12603,9708,9793,9643,9743,103793,87968
2020-08-25,202009,false,12657,12795,12643,12735,9797,9935,9783,9875,111954,90904
2020-08-26,202009,false,12730,12799,12681,12795,9870,9939,9821,9935,86909,88560
2020-08-27,202009,false,12838,12925,12735,12758,9978,10065,9875,9898,126988,85849
2020-08-28,202009,false,12740,12782,12634,12688,9880,9922,9774,9828,138555,86812
2020-08-31,202009,false,12800,12826,12563,12589,9940,9966,9703,9729,142474,90306
2020-09-01,202009,false,12566,12698,12531,12688,9706,9838,9671,9828,114612,89228
2020-09-02,202009,false,12765,12776,12595,12690,9905,9916,9735,9830,127417,85421
2020-09-03,202009,false,12792,12858,12705,12734,9932,9998,9845,9874,130555,86141
2020-09-04,202009,false,12558,12651,12510,12607,9698,9791,9650,9747,130795,86216
2020-09-07,202009,false,12608,12733,12560,12580,9748,9873,9700,9720,137459,84294
2020-09-08,202009,false,12657,12695,12610,12667,9797,9835,9750,9807,110554,86295
2020-09-09,202009,false,12545,12606,12434,12598,9685,9746,9574,9738,153591,88825
2020-09-10,202009,false,12669,12706,12622,12698,9809,9846,9762,9838,111296,87724
2020-09-11,202009,false,12658,12689,12606,12663,9798,9829,9746,9803,114638,77698
2020-09-14,202009,false,12694,12797,12678,12784,9834,9937,9818,9924,127791,61095
2020-09-15,202010,true,12707,12801,12690,12782,9908,10002,9891,9983,44174,74978
2020-09-16,202010,false,12886,12932,12862,12903,10087,10133,10063,10104,62201,86286
2020-09-17,202010,false,12855,12908,12772,12815,10056,10109,9973,10016,119751,91763
2020-09-18,202010,false,12839,12866,12773,12833,10040,10067,9974,10034,95760,93158
2020-09-21,202010,false,12820,12877,12655,12659,10021,10078,9856,9860,140049,100342
2020-09-22,202010,false,12627,12655,12481,12509,9828,9856,9682,9710,130601,101873
2020-09-23,202010,false,12553,12563,12441,12528,9754,9764,9642,9729,117910,99722
2020-09-24,202010,false,12407,12414,12166,12180,9608,9615,9367,9381,171038,101987
2020-09-25,202010,false,12265,12309,12114,12195,9466,9510,9315,9396,128504,97893
2020-09-28,202010,false,12292,12421,12246,12415,9493,9622,9447,9616,94633,101319
2020-09-29,202010,false,12478,12522,12395,12421,9679,9723,9596,9622,103096,100175
2020-09-30,202010,false,12456,12548,12444,12473,9657,9749,9645,9674,107766,97922
2020-10-05,202010,false,12577,12620,12486,12529,9778,9821,9687,9730,93958,95856
2020-10-06,202010,false,12618,12704,12614,12677,9819,9905,9815,9878,99739,98529
2020-10-07,202010,false,12620,12758,12606,12754,9821,9959,9807,9955,89405,96122
2020-10-08,202010,false,12831,12876,12772,12873,10032,10077,9973,10074,99102,95163
2020-10-12,202010,false,12935,12995,12878,12921,10136,10196,10079,10122,106219,94355
2020-10-13,202010,false,12950,12952,12816,12915,10151,10153,10017,10116,99008,94824
2020-10-14,202010,false,12940,12956,12871,12890,10141,10157,10072,10091,82548,93949
2020-10-15,202010,false,12838,12892,12727,12840,10039,10093,9928,10041,130422,89866
2020-10-16,202010,false,12818,12865,12718,12748,10019,10066,9919,9949,116952,80764
2020-10-19,202010,false,12783,12912,12782,12893,9984,10113,9983,10094,127215,59173
2020-10-20,202011,true,12813,12841,12776,12779,10090,10118,10053,10056,44546,78977
2020-10-21,202011,false,12820,12860,12795,12808,10097,10137,10072,10085,52203,86304
2020-10-22,202011,false,12729,12839,12707,12836,10006,10116,9984,10113,100864,93253
2020-10-23,202011,false,12865,12883,12795,12838,10142,10160,10072,10115,78710,91640
2020-10-26,202011,false,12848,12935,12820,12860,10125,10212,10097,10137,90884,95134
2020-10-27,202011,false,12826,12833,12765,12808,10103,10110,10042,10085,82240,96294
2020-10-28,202011,false,12780,12809,12713,12743,10057,10086,9990,10020,88057,97934
2020-10-29,202011,false,12598,12640,12504,12603,9875,9917,9781,9880,119037,98700
2020-10-30,202011,false,12545,12563,12407,12413,9822,9840,9684,9690,121830,101334
2020-11-02,202011,false,12474,12531,12402,12516,9751,9808,9679,9793,97211,99603
2020-11-03,202011,false,12611,12715,12602,12684,9888,9992,9879,9961,90467,102652
2020-11-04,202011,false,12770,12879,12662,12864,10047,10156,9939,10141,149906,101843
2020-11-05,202011,false,12924,12928,12821,12891,10201,10205,10098,10168,90854,102162
2020-11-06,202011,false,12942,12991,12896,12937,10219,10268,10173,10214,100789,104862
2020-11-09,202011,false,13090,13175,13046,13126,10367,10452,10323,10403,117098,107526
2020-11-10,202011,false,13130,13154,13010,13071,10407,10431,10287,10348,110282,102973
2020-11-11,202011,false,13101,13281,13077,13261,10378,10558,10354,10538,109089,105905
2020-11-12,202011,false,13266,13305,13193,13226,10543,10582,10470,10503,93512,98644
2020-11-13,202011,false,13227,13285,13163,13282,10504,10562,10440,10559,90650,93119
2020-11-16,202011,false,13407,13582,13406,13579,10684,10859,10683,10856,132561,66431
2020-11-17,202012,true,13600,13676,13561,13585,10916,10992,10877,10901,48655,83276
2020-11-18,202012,false,13600,13739,13587,13717,10916,11055,10903,11033,66499,96206
2020-11-19,202012,false,13732,13750,13662,13742,11048,11066,10978,11058,95715,97330
2020-11-20,202012,false,13724,13737,13640,13733,11040,11053,10956,11049,85986,95066
2020-11-23,202012,false,13790,13943,13788,13873,11106,11259,11104,11189,115103,93746
2020-11-24,202012,false,13921,13928,13777,13799,11237,11244,11093,11115,89096,92499
2020-11-25,202012,false,13886,13909,13692,13712,11202,11225,11008,11028,123391,93748
2020-11-26,202012,false,13788,13862,13741,13839,11104,11178,11057,11155,97189,96625
2020-11-27,202012,false,13781,13890,13763,13878,11097,11206,11079,11194,94853,95428
2020-11-30,202012,false,13883,13975,13704,13720,11199,11291,11020,11036,134279,97281
2020-12-01,202012,false,13818,13885,13751,13875,11134,11201,11067,11191,91672,98105
2020-12-02,202012,false,13932,13980,13855,13955,11248,11296,11171,11271,110308,96199
2020-12-03,202012,false,13971,14047,13903,13982,11287,11363,11219,11298,125877,92052
2020-12-04,202012,false,14022,14149,14012,14133,11338,11465,11328,11449,110715,95814
2020-12-07,202012,false,14181,14247,14087,14220,11497,11563,11403,11536,125628,90130
2020-12-08,202012,false,14206,14350,14156,14340,11522,11666,11472,11656,111313,89681
2020-12-09,202012,false,14372,14425,14331,14397,11688,11741,11647,11713,96545,88150
2020-12-10,202012,false,14261,14314,14178,14237,11577,11630,11494,11553,126413,84999
2020-12-11,202012,false,14290,14340,14091,14237,11606,11656,11407,11553,159011,79413
2020-12-14,202012,false,14264,14285,14197,14201,11580,11601,11513,11517,120593,57740
2020-12-15,202101,true,14045,14099,13929,13979,11466,11520,11350,11400,45649,78135
2020-12-16,202101,false,14086,14207,14072,14189,11507,11628,11493,11610,51571,87349
2020-12-17,202101,false,14220,14225,14085,14186,11641,11646,11506,11607,116139,90580
2020-12-18,202101,false,14190,14222,14128,14136,11611,11643,11549,11557,89422,92795
2020-12-21,202101,false,14155,14313,14021,14309,11576,11734,11442,11730,135177,96348
2020-12-22,202101,false,14253,14334,14042,14046,11674,11755,11463,11467,136896,92798
2020-12-23,202101,false,14104,14181,14031,14114,11525,11602,11452,11535,115346,90615
2020-12-24,202101,false,14185,14287,14179,14242,11606,11708,11600,11663,106221,92621
2020-12-25,202101,false,14328,14383,14245,14304,11749,11804,11666,11725,88875,91293
2020-12-28,202101,false,14329,14444,14320,14436,11750,11865,11741,11857,82692,97682
2020-12-29,202101,false,14465,14466,14376,14458,11886,11887,11797,11879,80587,93380
2020-12-30,202101,false,14451,14643,14440,14636,11872,12064,11861,12057,97857,97732
2020-12-31,202101,false,14678,14712,14604,14678,12099,12133,12025,12099,96684,95189
2021-01-04,202101,false,14640,14925,14635,14873,12061,12346,12056,12294,137069,96894
2021-01-05,202101,false,14874,14980,14836,14976,12295,12401,12257,12397,110886,96044
2021-01-06,202101,false,15048,15140,14764,14911,12469,12561,12185,12332,233806,93545
2021-01-07,202101,false,15050,15260,15024,15226,12471,12681,12445,12647,151918,96154
2021-01-08,202101,false,15376,15473,15264,15451,12797,12894,12685,12872,158703,95314
2021-01-11,202101,false,15420,15538,15369,15531,12841,12959,12790,12952,139479,95732
2021-01-12,202101,false,15517,15605,15407,15489,12938,13026,12828,12910,175838,96686
2021-01-13,202101,false,15557,15790,15555,15759,12978,13211,12976,13180,154811,99559
2021-01-14,202101,false,15705,15766,15632,15727,13126,13187,13053,13148,121305,96100
2021-01-15,202101,false,15950,16002,15584,15632,13371,13423,13005,13053,231505,85266
2021-01-18,202101,false,15637,15679,15327,15608,13058,13100,12748,13029,200935,66865
2021-01-19,202102,true,15651,15896,15651,15845,13115,13360,13115,13309,47216,63754
2021-01-20,202102,false,15845,15899,15678,15733,13309,13363,13142,13197,93143,77727
2021-01-21,202102,false,15803,16183,15769,16125,13267,13647,13233,13589,231416,81399
2021-01-22,202102,false,16051,16085,15928,15977,13515,13549,13392,13441,161218,84234
2021-01-25,202102,false,15956,16004,15719,15911,13420,13468,13183,13375,168191,85538
2021-01-26,202102,false,15865,15974,15537,15628,13329,13438,13001,13092,230474,85732
2021-01-27,202102,false,15725,15814,15585,15657,13189,13278,13049,13121,184037,83785
2021-01-28,202102,false,15411,15524,15305,15382,12875,12988,12769,12846,202151,83747
2021-01-29,202102,false,15498,15539,15063,15070,12962,13003,12527,12534,206011,81764
2021-02-01,202102,false,15156,15398,15090,15362,12620,12862,12554,12826,164870,79896
2021-02-02,202102,false,15469,15820,15459,15752,12933,13284,12923,13216,177487,77165
2021-02-03,202102,false,15864,15875,15716,15773,13328,13339,13180,13237,145093,67097
2021-02-04,202102,false,15721,15777,15542,15696,13185,13241,13006,13160,179004,49701
2021-02-05,202103,true,15731,15897,15668,15713,13284,13450,13221,13266,31058,58507
2021-02-17,202103,false,16128,16353,16100,16330,13681,13906,13653,13883,67559,72817
2021-02-18,202103,false,16374,16525,16287,16380,13927,14078,13840,13933,152979,78450
2021-02-19,202103,false,16301,16328,16130,16309,13854,13881,13683,13862,152680,77388
2021-02-22,202103,false,16480,16564,16336,16382,14033,14117,13889,13935,151539,79173
2021-02-23,202103,false,16223,16451,16182,16434,13776,14004,13735,13987,136807,81294
2021-02-24,202103,false,16300,16435,16133,16181,13853,13988,13686,13734,180413,81350
2021-02-25,202103,false,16388,16422,16243,16387,13941,13975,13796,13940,135256,78430
2021-02-26,202103,false,16037,16118,15852,15931,13590,13671,13405,13484,197795,83132
2021-03-02,202103,false,16249,16277,15868,15904,13802,13830,13421,13457,146577,83021
2021-03-03,202103,false,16000,16196,15885,16179,13553,13749,13438,13732,153225,80831
2021-03-04,202103,false,16025,16066,15756,15922,13578,13619,13309,13475,198855,78228
2021-03-05,202103,false,15601,15914,15570,15847,13154,13467,13123,13400,168446,78960
2021-03-08,202103,false,15950,16095,15767,15819,13503,13648,13320,13372,175531,78463
2021-03-09,202103,false,15810,15848,15608,15822,13363,13401,13161,13375,171528,77641
2021-03-10,202103,false,15977,15986,15808,15885,13530,13539,13361,13438,136272,74212
2021-03-11,202103,false,15951,16214,15942,16169,13504,13767,13495,13722,135436,75792
2021-03-12,202103,false,16276,16288,16155,16223,13829,13841,13708,13776,116406,67847
2021-03-15,202103,false,16206,16249,16142,16199,13759,13802,13695,13752,125844,49663
2021-03-16,202104,true,16192,16284,16154,16242,13808,13900,13770,13858,38166,64011
2021-03-17,202104,false,16252,16274,16116,16158,13868,13890,13732,13774,57926,77065
2021-03-18,202104,false,16255,16401,16220,16235,13871,14017,13836,13851,138744,81291
2021-03-19,202104,false,16100,16110,15953,16010,13716,13726,13569,13626,149724,82807
2021-03-22,202104,false,16018,16174,15911,16137,13634,13790,13527,13753,134577,81143
2021-03-23,202104,false,16223,16277,16103,16119,13839,13893,13719,13735,117179,81288
2021-03-24,202104,false,16019,16062,15939,15981,13635,13678,13555,13597,131876,82173
2021-03-25,202104,false,15890,16090,15870,16030,13506,13706,13486,13646,136413,80915
2021-03-26,202104,false,16095,16293,16081,16285,13711,13909,13697,13901,123696,85348
2021-03-29,202104,false,16370,16485,16350,16408,13986,14101,13966,14024,112333,82927
2021-03-30,202104,false,16469,16531,16418,16520,14085,14147,14034,14136,100799,83442
2021-03-31,202104,false,16540,16549,16403,16423,14156,14165,14019,14039,104772,80305
2021-04-01,202104,false,16535,16587,16452,16549,14151,14203,14068,14165,115342,77860
2021-04-06,202104,false,16760,16840,16697,16728,14376,14456,14313,14344,103549,78295
2021-04-07,202104,false,16777,16788,16673,16767,14393,14404,14289,14383,93030,75515
2021-04-08,202104,false,16715,16930,16687,16927,14331,14546,14303,14543,111596,78584
2021-04-09,202104,false,16952,16971,16810,16839,14568,14587,14426,14455,103181,74391
2021-04-12,202104,false,16895,16965,16760,16835,14511,14581,14376,14451,113383,73388
2021-04-13,202104,false,16910,17046,16780,16793,14526,14662,14396,14409,150603,73210
2021-04-14,202104,false,16860,16917,16592,16857,14476,14533,14208,14473,185298,68160
2021-04-15,202104,false,16881,17074,16852,17069,14497,14690,14468,14685,132033,69647
2021-04-16,202104,false,17062,17160,16990,17156,14678,14776,14606,14772,127426,67187
2021-04-19,202104,false,17118,17296,17111,17269,14734,14912,14727,14885,124734,47797
2021-04-20,202105,true,17175,17259,17154,17257,14854,14938,14833,14936,29202,57269
2021-04-21,202105,false,17164,17194,17088,17135,14843,14873,14767,14814,57490,67688
2021-04-22,202105,false,17258,17369,17053,17106,14937,15048,14732,14785,189953,73534
2021-04-23,202105,false,17061,17260,17041,17255,14740,14939,14720,14934,122696,75424
2021-04-26,202105,false,17337,17536,17323,17526,15016,15215,15002,15205,128096,79329
2021-04-27,202105,false,17532,17576,17460,17570,15211,15255,15139,15249,120862,79508
2021-04-28,202105,false,17548,17563,17475,17533,15227,15242,15154,15212,101986,78504
2021-04-29,202105,false,17578,17702,17531,17569,15257,15381,15210,15248,150499,77720
2021-05-03,202105,false,17501,17534,17226,17254,15180,15213,14905,14933,184441,81995
2021-05-04,202105,false,17271,17309,16668,16931,14950,14988,14347,14610,243802,82745
2021-05-05,202105,false,16847,17020,16756,16765,14526,14699,14435,14444,157298,80438
2021-05-06,202105,false,16884,17081,16700,16945,14563,14760,14379,14624,197754,78280
2021-05-07,202105,false,17120,17288,17060,17283,14799,14967,14739,14962,142796,78603
2021-05-10,202105,false,17369,17373,17178,17229,15048,15052,14857,14908,126289,77112
2021-05-11,202105,false,16968,16970,16425,16561,14647,14649,14104,14240,245767,77052
2021-05-12,202105,false,16503,16531,15027,15697,14182,14210,12706,13376,366512,71506
2021-05-13,202105,false,15538,15991,15348,15566,13217,13670,13027,13245,234182,70065
2021-05-14,202105,false,15800,16021,15653,15766,13479,13700,13332,13445,218712,63874
2021-05-17,202105,false,15183,15735,15096,15263,12862,13414,12775,12942,275831,41541
2021-05-18,202106,true,15471,16119,15431,16086,13211,13859,13171,13826,45462,62035
2021-05-19,202106,false,16084,16187,15924,16022,13824,13927,13664,13762,67846,70182
2021-05-20,202106,false,16078,16113,15854,15974,13818,13853,13594,13714,158770,71749
2021-05-21,202106,false,16222,16425,16072,16259,13962,14165,13812,13999,185232,71496
2021-05-24,202106,false,16079,16368,16069,16291,13819,14108,13809,14031,138416,74661
2021-05-25,202106,false,16463,16623,16425,16584,14203,14363,14165,14324,145492,72440
2021-05-26,202106,false,16616,16664,16504,16614,14356,14404,14244,14354,104686,72601
2021-05-27,202106,false,16593,16595,16219,16533,14333,14335,13959,14273,150465,69299
2021-05-28,202106,false,16731,16878,16673,16863,14471,14618,14413,14603,124240,72521
2021-05-31,202106,false,16891,17098,16884,17011,14631,14838,14624,14751,144649,70703
2021-06-01,202106,false,17050,17148,17015,17131,14790,14888,14755,14871,116773,73727
2021-06-02,202106,false,17171,17198,17016,17102,14911,14938,14756,14842,121046,72320
2021-06-03,202106,false,17253,17313,17147,17226,14993,15053,14887,14966,130148,73447
2021-06-04,202106,false,17051,17159,17025,17103,14791,14899,14765,14843,109068,75217
2021-06-07,202106,false,17212,17229,16719,17090,14952,14969,14459,14830,176148,72925
2021-06-08,202106,false,17190,17198,17030,17090,14930,14938,14770,14830,102605,72554
2021-06-09,202106,false,16997,17073,16889,16959,14737,14813,14629,14699,120368,73434
2021-06-10,202106,false,17035,17175,16992,17157,14775,14915,14732,14897,127407,71747
2021-06-11,202106,false,17189,17298,17189,17217,14929,15038,14929,14957,120701,53196
2021-06-15,202107,true,17190,17276,17158,17272,15055,15141,15023,15137,37834,53040
2021-06-16,202107,false,17185,17302,17178,17239,15050,15167,15043,15104,51936,66374
2021-06-17,202107,false,17070,17298,17039,17295,14935,15163,14904,15160,102114,74392
2021-06-18,202107,false,17315,17332,17212,17254,15180,15197,15077,15119,96349,71770
2021-06-21,202107,false,17048,17149,16891,16963,14913,15014,14756,14828,143363,75176
2021-06-22,202107,false,17155,17180,16988,17026,15020,15045,14853,14891,101124,72691
2021-06-23,202107,false,17100,17319,17059,17267,14965,15184,14924,15132,127143,76821
2021-06-24,202107,false,17298,17398,17261,17338,15163,15263,15126,15203,92809,76502
2021-06-25,202107,false,17438,17562,17377,17423,15303,15427,15242,15288,113764,72314
2021-06-28,202107,false,17484,17560,17398,17533,15349,15425,15263,15398,82055,73909
2021-06-29,202107,false,17595,17623,17451,17530,15460,15488,15316,15395,115306,73073
2021-06-30,202107,false,17610,17766,17583,17712,15475,15631,15448,15577,104462,76767
2021-07-01,202107,false,17678,17774,17555,17646,15543,15639,15420,15511,122682,73071
2021-07-02,202107,false,17651,17724,17588,17649,15516,15589,15453,15514,101454,72240
2021-07-05,202107,false,17755,17920,17742,17896,15620,15785,15607,15761,107714,76556
2021-07-06,202107,false,17956,17974,17858,17875,15821,15839,15723,15740,84492,74329
2021-07-07,202107,false,17821,17906,17715,17826,15686,15771,15580,15691,109544,72671
2021-07-08,202107,false,17876,17897,17694,17823,15741,15762,15559,15688,116445,72327
2021-07-09,202107,false,17662,17700,17526,17661,15527,15565,15391,15526,138093,71436
2021-07-12,202107,false,17848,17960,17770,17826,15713,15825,15635,15691,127781,71095
2021-07-13,202107,false,17958,18030,17824,17869,15823,15895,15689,15734,123418,73478
2021-07-14,202107,false,17846,17924,17748,17871,15711,15789,15613,15736,120033,69796
2021-07-15,202107,false,17919,18046,17868,18021,15784,15911,15733,15886,103184,70915
2021-07-16,202107,false,17826,17928,17772,17924,15691,15793,15637,15789,109949,67807
2021-07-19,202107,false,17717,17813,17647,17793,15582,15678,15512,15658,144969,45310
2021-07-20,202108,true,17454,17492,17263,17336,15541,15579,15350,15423,33283,53504
2021-07-21,202108,false,17405,17459,17185,17275,15492,15546,15272,15362,70145,68726
2021-07-22,202108,false,17441,17525,17347,17406,15528,15612,15434,15493,125712,70190
2021-07-23,202108,false,17486,17559,17380,17406,15573,15646,15467,15493,115875,70962
2021-07-26,202108,false,17473,17479,17197,17203,15560,15566,15284,15290,108704,73935
2021-07-27,202108,false,17322,17348,17153,17168,15409,15435,15240,15255,118319,72095
2021-07-28,202108,false,17062,17136,16733,16965,15149,15223,14820,15052,203426,69261
2021-07-29,202108,false,17136,17332,17068,17327,15223,15419,15155,15414,123218,69618
2021-07-30,202108,false,17285,17299,17126,17174,15372,15386,15213,15261,117560,67150
2021-08-02,202108,false,17313,17470,17160,17467,15400,15557,15247,15554,131605,69811
2021-08-03,202108,false,17426,17496,17361,17482,15513,15583,15448,15569,95199,69440
2021-08-04,202108,false,17491,17586,17464,17571,15578,15673,15551,15658,89232,71578
2021-08-05,202108,false,17570,17584,17520,17544,15657,15671,15607,15631,65647,70501
2021-08-06,202108,false,17555,17560,17353,17439,15642,15647,15440,15526,110731,67561
2021-08-09,202108,false,17438,17448,17235,17406,15525,15535,15322,15493,124689,67707
2021-08-10,202108,false,17396,17443,17259,17295,15483,15530,15346,15382,109191,68687
2021-08-11,202108,false,17217,17298,17078,17170,15304,15385,15165,15257,141084,69071
2021-08-12,202108,false,17207,17235,17125,17158,15294,15322,15212,15245,91671,67442
2021-08-13,202108,false,17185,17190,16934,16936,15272,15277,15021,15023,150070,68855
2021-08-16,202108,false,16829,16936,16750,16774,14916,15023,14837,14861,150977,47264
2021-08-17,202109,true,16726,16760,16465,16468,14923,14957,14662,14665,37027,55060
2021-08-18,202109,false,16313,16720,16300,16701,14510,14917,14497,14898,79695,68297
2021-08-19,202109,false,16611,16648,16256,16328,14808,14845,14453,14525,196641,72973
2021-08-20,202109,false,16297,16426,16145,16188,14494,14623,14342,14385,175910,71229
2021-08-23,202109,false,16427,16729,16393,16679,14624,14926,14590,14876,127852,73199
2021-08-24,202109,false,16822,16842,16717,16781,15019,15039,14914,14978,90436,73676
2021-08-25,202109,false,16794,16982,16785,16962,14991,15179,14982,15159,109545,76040
2021-08-26,202109,false,17103,17125,16882,16993,15300,15322,15079,15190,127120,71277
2021-08-27,202109,false,16940,17218,16908,17172,15137,15415,15105,15369,122558,72437
2021-08-30,202109,false,17249,17353,17206,17335,15446,15550,15403,15532,95679,73830
2021-08-31,202109,false,17276,17468,17144,17455,15473,15665,15341,15652,138468,77298
2021-09-01,202109,false,17408,17500,17363,17474,15605,15697,15560,15671,111022,78206
2021-09-02,202109,false,17434,17507,17266,17319,15631,15704,15463,15516,137473,73630
2021-09-03,202109,false,17442,17553,17370,17508,15639,15750,15567,15705,114430,75343
2021-09-06,202109,false,17440,17596,17425,17493,15637,15793,15622,15690,120721,73490
2021-09-07,202109,false,17522,17529,17337,17424,15719,15726,15534,15621,125371,70273
2021-09-08,202109,false,17395,17426,17163,17260,15592,15623,15360,15457,151809,69169
2021-09-09,202109,false,17142,17291,17084,17238,15339,15488,15281,15435,125037,67446
2021-09-10,202109,false,17300,17479,17284,17473,15497,15676,15481,15670,111079,66164
2021-09-13,202109,false,17434,17492,17356,17441,15631,15689,15553,15638,120401,47546
2021-09-14,202110,true,17433,17488,17366,17404,15688,15743,15621,15659,34691,50290
2021-09-15,202110,false,17382,17382,17228,17328,15637,15637,15483,15583,59596,59768
2021-09-16,202110,false,17337,17362,17191,17247,15592,15617,15446,15502,93340,64304
2021-09-17,202110,false,17256,17395,17165,17294,15511,15650,15420,15549,117752,65234
2021-09-22,202110,false,16835,16940,16751,16900,15090,15195,15006,15155,134553,64864
2021-09-23,202110,false,17020,17130,16985,17080,15275,15385,15240,15335,99807,67916
2021-09-24,202110,false,17191,17275,17170,17248,15446,15530,15425,15503,94226,70605
2021-09-27,202110,false,17247,17344,17222,17292,15502,15599,15477,15547,94562,72642
2021-09-28,202110,false,17182,17183,17042,17170,15437,15438,15297,15425,103595,70205
2021-09-29,202110,false,16926,16937,16760,16818,15181,15192,15015,15073,148685,72854
2021-09-30,202110,false,16803,16966,16704,16919,15058,15221,14959,15174,129398,73590
2021-10-01,202110,false,16800,16805,16415,16518,15055,15060,14670,14773,162836,74572
2021-10-04,202110,false,16588,16629,16313,16361,14843,14884,14568,14616,140802,73770
2021-10-05,202110,false,16240,16424,16107,16395,14495,14679,14362,14650,151416,70941
2021-10-06,202110,false,16470,16493,16265,16362,14725,14748,14520,14617,136018,69014
2021-10-07,202110,false,16521,16760,16519,16699,14776,15015,14774,14954,123808,72720
2021-10-08,202110,false,16740,16759,16591,16625,14995,15014,14846,14880,101077,71049
2021-10-12,202110,false,16485,16489,16285,16419,14740,14744,14540,14674,138434,70193
2021-10-13,202110,false,16520,16585,16318,16321,14775,14840,14573,14576,114897,68678
2021-10-14,202110,false,16496,16546,16354,16402,14751,14801,14609,14657,104604,68752
2021-10-15,202110,false,16654,16790,16570,16780,14909,15045,14825,15035,109050,67246
2021-10-18,202110,false,16800,16870,16705,16721,15055,15125,14960,14976,109628,47277
2021-10-19,202111,true,16780,16920,16758,16875,15063,15203,15041,15158,34604,50957
2021-10-20,202111,false,16921,16955,16855,16887,15204,15238,15138,15170,44313,61445
2021-10-21,202111,false,16879,17047,16812,16815,15162,15330,15095,15098,117754,67242
2021-10-22,202111,false,16877,16913,16770,16853,15160,15196,15053,15136,98819,67775
2021-10-25,202111,false,16788,16930,16731,16891,15071,15213,15014,15174,97221,68802
2021-10-26,202111,false,16975,17073,16948,17044,15258,15356,15231,15327,92092,72574
2021-10-27,202111,false,16944,17088,16928,17068,15227,15371,15211,15351,85950,72197
2021-10-28,202111,false,17013,17103,16984,17039,15296,15386,15267,15322,85288,71677
2021-10-29,202111,false,17061,17074,16858,16946,15344,15357,15141,15229,111444,71292
2021-11-01,202111,false,17040,17130,17028,17080,15323,15413,15311,15363,79806,72469
2021-11-02,202111,false,17167,17255,17004,17047,15450,15538,15287,15330,109134,74782
2021-11-03,202111,false,17081,17127,17040,17091,15364,15410,15323,15374,72076,72355
2021-11-04,202111,false,17269,17280,17050,17073,15552,15563,15333,15356,90112,72200
2021-11-05,202111,false,17150,17279,17106,17269,15433,15562,15389,15552,90064,74883
2021-11-08,202111,false,17256,17425,17251,17423,15539,15708,15534,15706,77522,76105
2021-11-09,202111,false,17499,17593,17480,17551,15782,15876,15763,15834,80924,73078
2021-11-10,202111,false,17550,17581,17496,17554,15833,15864,15779,15837,75931,71560
2021-11-11,202111,false,17430,17537,17395,17473,15713,15820,15678,15756,84466,69109
2021-11-12,202111,false,17570,17638,17491,17544,15853,15921,15774,15827,91259,66810
2021-11-15,202111,false,17615,17707,17603,17664,15898,15990,15886,15947,102421,48884
2021-11-16,202112,true,17629,17702,17629,17681,15929,16002,15929,15981,33418,55055
2021-11-17,202112,false,17710,17764,17661,17761,16010,16064,15961,16061,42223,67327
2021-11-18,202112,false,17769,17868,17763,17859,16069,16168,16063,16159,87837,74806
2021-11-19,202112,false,17919,17949,17813,17852,16219,16249,16113,16152,82761,73951
2021-11-22,202112,false,17790,17876,17787,17836,16090,16176,16087,16136,58435,76553
2021-11-23,202112,false,17765,17768,17638,17659,16065,16068,15938,15959,102784,76440
2021-11-24,202112,false,17604,17698,17593,17680,15904,15998,15893,15980,76818,76466
2021-11-25,202112,false,17688,17715,17600,17673,15988,16015,15900,15973,66753,76295
2021-11-26,202112,false,17530,17572,17307,17342,15830,15872,15607,15642,129988,77385
2021-11-29,202112,false,17243,17416,17184,17311,15543,15716,15484,15611,120115,74971
2021-11-30,202112,false,17428,17537,17312,17330,15728,15837,15612,15630,111906,76115
2021-12-01,202112,false,17350,17617,17333,17584,15650,15917,15633,15884,103548,78139
2021-12-02,202112,false,17570,17709,17509,17704,15870,16009,15809,16004,108997,74555
2021-12-03,202112,false,17696,17745,17621,17706,15996,16045,15921,16006,79145,74005
2021-12-06,202112,false,17619,17736,17527,17692,15919,16036,15827,15992,91121,77421
2021-12-07,202112,false,17677,17799,17586,17795,15977,16099,15886,16095,94771,75429
2021-12-08,202112,false,17945,17988,17840,17853,16245,16288,16140,16153,94293,71974
2021-12-09,202112,false,17886,17946,17812,17910,16186,16246,16112,16210,79412,71284
2021-12-10,202112,false,17808,17874,17765,17818,16108,16174,16065,16118,73341,69691
2021-12-13,202112,false,17912,17944,17743,17753,16212,16244,16043,16053,102639,46975
2021-12-14,202201,true,17626,17651,17510,17543,15985,16010,15869,15902,38004,59283
2021-12-15,202201,false,17491,17604,17482,17598,15850,15963,15841,15957,42843,70527
2021-12-16,202201,false,17765,17809,17671,17804,16124,16168,16030,16163,84101,75137
2021-12-17,202201,false,17716,17798,17703,17785,16075,16157,16062,16144,78566,75660
2021-12-20,202201,false,17720,17748,17564,17582,16079,16107,15923,15941,103831,77202
2021-12-21,202201,false,17660,17829,17624,17796,16019,16188,15983,16155,87917,79325
2021-12-22,202201,false,17847,17852,17783,17832,16206,16211,16142,16191,54102,76180
2021-12-23,202201,false,17935,17983,17903,17951,16294,16342,16262,16310,66061,77619
2021-12-24,202201,false,18014,18035,17946,17957,16373,16394,16305,16316,50035,78375
2021-12-27,202201,false,17982,18099,17967,18070,16341,16458,16326,16429,58096,82254
2021-12-28,202201,false,18115,18209,18105,18206,16474,16568,16464,16565,60973,83894
2021-12-29,202201,false,18195,18289,18188,18274,16554,16648,16547,16633,57011,84978
2021-12-30,202201,false,18242,18265,18177,18209,16601,16624,16536,16568,56933,82321
2022-01-03,202201,false,18288,18389,18203,18272,16647,16748,16562,16631,96972,82046
2022-01-04,202201,false,18361,18522,18359,18514,16720,16881,16718,16873,90796,84180
2022-01-05,202201,false,18480,18546,18438,18480,16839,16905,16797,16839,82044,83973
2022-01-06,202201,false,18345,18419,18238,18337,16704,16778,16597,16696,119801,80441
2022-01-07,202201,false,18459,18478,18115,18146,16818,16837,16474,16505,137788,77829
2022-01-10,202201,false,18075,18264,18022,18260,16434,16623,16381,16619,96625,77007
2022-01-11,202201,false,18200,18295,18102,18279,16559,16654,16461,16638,119585,75284
2022-01-12,202201,false,18403,18411,18271,18376,16762,16770,16630,16735,90837,72097
2022-01-13,202201,false,18433,18485,18364,18425,16792,16844,16723,16784,95326,71396
2022-01-14,202201,false,18549,18560,18220,18360,16908,16919,16579,16719,158202,64954
2022-01-17,202201,false,18417,18537,18387,18508,16776,16896,16746,16867,117616,50573
2022-01-18,202202,true,18460,18534,18308,18312,16857,16931,16705,16709,36908,57671
2022-01-19,202202,false,18258,18309,18141,18146,16655,16706,16538,16543,63239,70843
2022-01-20,202202,false,18203,18270,18081,18224,16600,16667,16478,16621,119191,74958
2022-01-21,202202,false,18026,18050,17836,17896,16423,16447,16233,16293,157754,78033
2022-01-24,202202,false,17736,17973,17703,17957,16133,16370,16100,16354,133779,75400
2022-01-25,202202,false,17790,17799,17578,17674,16187,16196,15975,16071,158896,77596
2022-01-26,202202,false,17683,17757,17607,17624,16080,16154,16004,16021,96254,73654
2022-02-07,202202,false,17797,17900,17693,17896,16194,16297,16090,16293,113464,74145
2022-02-08,202202,false,17960,18047,17922,17942,16357,16444,16319,16339,89700,73887
2022-02-09,202202,false,18068,18169,18050,18164,16465,16566,16447,16561,72278,74614
2022-02-10,202202,false,18230,18340,18133,18334,16627,16737,16530,16731,95136,72304
2022-02-11,202202,false,18202,18290,18182,18273,16599,16687,16579,16670,87617,68582
2022-02-14,202202,false,18099,18132,17934,17977,16496,16529,16331,16374,137955,45324
2022-02-15,202203,true,17880,18050,17840,17920,16312,16482,16272,16352,34037,53042
2022-02-16,202203,false,18168,18219,18110,18215,16600,16651,16542,16647,52439,66213
2022-02-17,202203,false,18269,18330,18168,18244,16701,16762,16600,16676,110179,71878
2022-02-18,202203,false,18065,18254,18039,18227,16497,16686,16471,16659,96351,75330
2022-02-21,202203,false,18001,18242,17970,18212,16433,16674,16402,16644,95874,74692
2022-02-22,202203,false,17990,18068,17773,17880,16422,16500,16205,16312,144406,72558
2022-02-23,202203,false,17954,18060,17936,18042,16386,16492,16368,16474,83991,71178
2022-02-24,202203,false,17811,17850,17506,17513,16243,16282,15938,15945,187058,76370
2022-02-25,202203,false,17660,17702,17513,17610,16092,16134,15945,16042,129514,71893
2022-03-01,202203,false,17756,17942,17692,17912,16188,16374,16124,16344,109687,74637
2022-03-02,202203,false,17788,17895,17758,17838,16220,16327,16190,16270,94806,73227
2022-03-03,202203,false,17942,17964,17865,17929,16374,16396,16297,16361,77058,71665
2022-03-04,202203,false,17608,17788,17522,17668,16040,16220,15954,16100,118785,71652
2022-03-07,202203,false,17362,17405,17051,17058,15794,15837,15483,15490,157085,73413
2022-03-08,202203,false,16840,17058,16695,16707,15272,15490,15127,15139,160675,67505
2022-03-09,202203,false,16890,17023,16865,16949,15322,15455,15297,15381,115509,63779
2022-03-10,202203,false,17301,17456,17269,17436,15733,15888,15701,15868,102545,61920
2022-03-11,202203,false,17372,17387,17170,17226,15804,15819,15602,15658,95875,57799
2022-03-14,202203,false,17289,17350,17150,17240,15721,15782,15582,15672,120161,40641
2022-03-15,202204,true,17167,17167,16813,16830,15654,15654,15300,15317,39526,56586
2022-03-16,202204,false,16984,17016,16757,16932,15471,15503,15244,15419,70598,64419
2022-03-17,202204,false,17339,17470,17262,17444,15826,15957,15749,15931,129146,72539
2022-03-18,202204,false,17441,17444,17295,17393,15928,15931,15782,15880,96826,71204
2022-03-21,202204,false,17442,17577,17439,17491,15929,16064,15926,15978,93353,74767
2022-03-22,202204,false,17536,17543,17453,17522,16023,16030,15940,16009,68446,74888
2022-03-23,202204,false,17644,17735,17610,17699,16131,16222,16097,16186,88805,79593
2022-03-24,202204,false,17570,17687,17548,17669,16057,16174,16035,16156,80125,76997
2022-03-25,202204,false,17720,17726,17591,17621,16207,16213,16078,16108,83085,74588
2022-03-28,202204,false,17512,17521,17304,17437,15999,16008,15791,15924,117571,69730
2022-03-29,202204,false,17560,17577,17484,17546,16047,16064,15971,16033,76398,72078
2022-03-30,202204,false,17671,17755,17658,17740,16158,16242,16145,16227,89839,76212
2022-03-31,202204,false,17747,17774,17623,17634,16234,16261,16110,16121,78029,73455
2022-04-01,202204,false,17466,17567,17414,17557,15953,16054,15901,16044,82047,72492
2022-04-06,202204,false,17439,17508,17327,17505,15926,15995,15814,15992,86927,72607
2022-04-07,202204,false,17333,17387,17123,17142,15820,15874,15610,15629,114893,74745
2022-04-08,202204,false,17200,17318,17169,17304,15687,15805,15656,15791,84229,72429
2022-04-11,202204,false,17222,17298,16976,17037,15709,15785,15463,15524,128637,72417
2022-04-12,202204,false,16960,17068,16906,17000,15447,15555,15393,15487,107948,71936
2022-04-13,202204,false,17080,17321,17071,17316,15567,15808,15558,15803,107841,72060
2022-04-14,202204,false,17349,17352,17251,17295,15836,15839,15738,15782,73517,67811
2022-04-15,202204,false,17102,17117,16960,16980,15589,15604,15447,15467,97455,65492
2022-04-18,202204,false,16908,16995,16813,16884,15395,15482,15300,15371,122230,47679
2022-04-19,202205,true,17016,17083,16953,16973,15534,15601,15471,15491,37328,55673
2022-04-20,202205,false,17018,17082,16951,17072,15536,15600,15469,15590,57285,67331
2022-04-21,202205,false,17180,17222,17090,17126,15698,15740,15608,15644,86180,70636
2022-04-22,202205,false,16862,16999,16823,16992,15380,15517,15341,15510,96385,73355
2022-04-25,202205,false,16686,16734,16508,16572,15204,15252,15026,15090,123324,74763
2022-04-26,202205,false,16648,16663,16533,16585,15166,15181,15051,15103,82214,74743
2022-04-27,202205,false,16221,16344,16160,16287,14739,14862,14678,14805,141144,76765
2022-04-28,202205,false,16317,16416,16220,16388,14835,14934,14738,14906,103728,78188
2022-04-29,202205,false,16555,16635,16495,16581,15073,15153,15013,15099,103887,75221
2022-05-03,202205,false,16487,16570,16434,16472,15005,15088,14952,14990,90193,74613
2022-05-04,202205,false,16505,16589,16489,16519,15023,15107,15007,15037,69459,76348
2022-05-05,202205,false,16753,16776,16645,16685,15271,15294,15163,15203,78883,77519
2022-05-06,202205,false,16310,16380,16266,16356,14828,14898,14784,14874,96310,81201
2022-05-09,202205,false,16156,16194,16015,16027,14674,14712,14533,14545,99474,83968
2022-05-10,202205,false,15809,16045,15730,16038,14327,14563,14248,14556,127562,81296
2022-05-11,202205,false,15989,16058,15907,16007,14507,14576,14425,14525,88276,79439
2022-05-12,202205,false,15801,15890,15608,15630,14319,14408,14126,14148,118642,80510
2022-05-13,202205,false,15777,15854,15743,15849,14295,14372,14261,14367,96199,76156
2022-05-16,202205,false,15996,16044,15847,15922,14514,14562,14365,14440,120555,52828
2022-05-17,202206,true,15916,16044,15916,16029,14480,14608,14480,14593,35728,57923
2022-05-18,202206,false,16138,16229,16104,16198,14702,14793,14668,14762,56362,73494
2022-05-19,202206,false,15871,15965,15820,15911,14435,14529,14384,14475,109266,77028
2022-05-20,202206,false,16069,16145,16013,16136,14633,14709,14577,14700,85765,80780
2022-05-23,202206,false,16220,16263,16076,16143,14784,14827,14640,14707,99214,78176
2022-05-24,202206,false,16131,16156,15914,15926,14695,14720,14478,14490,98160,79862
2022-05-25,202206,false,15996,16146,15968,16061,14560,14710,14532,14625,98499,82264
2022-05-26,202206,false,16153,16184,15928,15950,14717,14748,14492,14514,99211,83540
2022-05-27,202206,false,16110,16245,16100,16229,14674,14809,14664,14793,83346,86626
2022-05-30,202206,false,16400,16584,16391,16559,14964,15148,14955,15123,81262,87403
2022-05-31,202206,false,16492,16716,16460,16681,15056,15280,15024,15245,108041,93427
2022-06-01,202206,false,16647,16755,16592,16608,15211,15319,15156,15172,95150,94358
2022-06-02,202206,false,16536,16585,16471,16533,15100,15149,15035,15097,80160,93694
2022-06-06,202206,false,16590,16648,16463,16600,15154,15212,15027,15164,98914,91412
2022-06-07,202206,false,16520,16531,16406,16461,15084,15095,14970,15025,101451,86546
2022-06-08,202206,false,16560,16693,16555,16641,15124,15257,15119,15205,80944,90218
2022-06-09,202206,false,16573,16606,16524,16577,15137,15170,15088,15141,67567,86569
2022-06-10,202206,false,16380,16486,16350,16474,14944,15050,14914,15038,85493,84428
2022-06-13,202206,false,16115,16120,15993,16050,14679,14684,14557,14614,129042,63892
2022-06-14,202207,true,15500,15615,15415,15599,14517,14632,14432,14616,42649,68480
2022-06-15,202207,false,15600,15631,15500,15546,14617,14648,14517,14563,57993,78478
2022-06-16,202207,false,15751,15805,15382,15411,14768,14822,14399,14428,127119,87457
2022-06-17,202207,false,15196,15300,15137,15202,14213,14317,14154,14219,124040,93783
2022-06-20,202207,false,15182,15231,14966,15031,14199,14248,13983,14048,129690,99613
2022-06-21,202207,false,15164,15362,15115,15346,14181,14379,14132,14363,115396,98934
2022-06-22,202207,false,15316,15319,14984,15015,14333,14336,14001,14032,128332,99083
2022-06-23,202207,false,15059,15145,14804,14939,14076,14162,13821,13956,164479,98783
2022-06-24,202207,false,15006,15142,14959,15053,14023,14159,13976,14070,119812,96591
2022-06-27,202207,false,15205,15400,15201,15277,14222,14417,14218,14294,98695,97502
2022-06-28,202207,false,15299,15304,15096,15194,14316,14321,14113,14211,96034,96342
2022-06-29,202207,false,15020,15114,14980,15016,14037,14131,13997,14033,100640,96261
2022-06-30,202207,false,14931,14945,14610,14624,13948,13962,13627,13641,131995,101028
2022-07-01,202207,false,14656,14702,14128,14175,13673,13719,13145,13192,183609,98792
2022-07-04,202207,false,14236,14312,14025,14152,13253,13329,13042,13169,143173,97788
2022-07-05,202207,false,14350,14430,13975,14209,13367,13447,12992,13226,175274,94173
2022-07-06,202207,false,14213,14239,13858,13879,13230,13256,12875,12896,150712,91327
2022-07-07,202207,false,14068,14295,13832,14187,13085,13312,12849,13204,158050,85116
2022-07-08,202207,false,14390,14485,14264,14332,13407,13502,13281,13349,139319,80103
2022-07-11,202207,false,14467,14496,14229,14278,13484,13513,13246,13295,120320,76109
2022-07-12,202207,false,14157,14181,13850,13914,13174,13198,12867,12931,127127,79696
2022-07-13,202207,false,14240,14356,14203,14281,13257,13373,13220,13298,112460,75454
2022-07-14,202207,false,14237,14437,14122,14386,13254,13454,13139,13403,128248,72711
2022-07-15,202207,false,14422,14542,14333,14479,13439,13559,13350,13496,118876,66561
2022-07-18,202207,false,14577,14666,14535,14647,13594,13683,13552,13664,122938,48404
2022-07-19,202208,true,14429,14552,14402,14525,13599,13722,13572,13695,32478,48774
2022-07-20,202208,false,14717,14739,14562,14612,13887,13909,13732,13782,60910,60486
2022-07-21,202208,false,14600,14771,14573,14747,13770,13941,13743,13917,90902,65024
2022-07-22,202208,false,14796,14848,14725,14755,13966,14018,13895,13925,93026,64459
2022-07-25,202208,false,14750,14845,14688,14793,13920,14015,13858,13963,82637,65667
2022-07-26,202208,false,14755,14788,14650,14707,13925,13958,13820,13877,92221,64953
2022-07-27,202208,false,14670,14800,14615,14791,13840,13970,13785,13961,104597,66094
2022-07-28,202208,false,14922,14949,14786,14833,14092,14119,13956,14003,94963,67517
2022-07-29,202208,false,14936,14990,14870,14940,14106,14160,14040,14110,94106,68723
2022-08-01,202208,false,14921,14940,14804,14870,14091,14110,13974,14040,89819,68379
2022-08-02,202208,false,14767,14778,14589,14645,13937,13948,13759,13815,108928,70162
2022-08-03,202208,false,14627,14727,14594,14672,13797,13897,13764,13842,97984,68942
2022-08-04,202208,false,14686,14722,14461,14654,13856,13892,13631,13824,139696,72666
2022-08-05,202208,false,14780,15020,14777,15011,13950,14190,13947,14181,95193,77132
2022-08-08,202208,false,14937,14987,14888,14961,14107,14157,14058,14131,74401,71575
2022-08-09,202208,false,14894,15065,14853,15016,14064,14235,14023,14186,89703,72761
2022-08-10,202208,false,14874,14945,14832,14878,14044,14115,14002,14048,77738,70323
2022-08-11,202208,false,15115,15191,15093,15184,14285,14361,14263,14354,79733,70833
2022-08-12,202208,false,15229,15309,15200,15274,14399,14479,14370,14444,66960,67169
2022-08-15,202208,false,15369,15432,15310,15385,14539,14602,14480,14555,89978,53229
2022-08-16,202209,true,15339,15392,15334,15370,14564,14617,14559,14595,27286,51423
2022-08-17,202209,false,15335,15396,15328,15379,14560,14621,14553,14604,43641,62714
2022-08-18,202209,false,15250,15325,15224,15317,14475,14550,14449,14542,69333,66518
2022-08-19,202209,false,15308,15406,15275,15354,14533,14631,14500,14579,72613,66947
2022-08-22,202209,false,15171,15250,15156,15179,14396,14475,14381,14404,63929,68615
2022-08-23,202209,false,15059,15109,15022,15028,14284,14334,14247,14253,68886,69255
2022-08-24,202209,false,15080,15120,14987,15035,14305,14345,14212,14260,70377,68612
2022-08-25,202209,false,15130,15225,15116,15170,14355,14450,14341,14395,81719,69146
2022-08-26,202209,false,15271,15318,15228,15241,14496,14543,14453,14466,62646,66811
2022-08-29,202209,false,14832,14898,14762,14820,14057,14123,13987,14045,103087,66328
2022-08-30,202209,false,14850,14994,14837,14949,14075,14219,14062,14174,86047,68294
2022-08-31,202209,false,14849,15099,14826,15042,14074,14324,14051,14267,108620,77860
2022-09-01,202209,false,14841,14842,14675,14737,14066,14067,13900,13962,118005,77142
2022-09-02,202209,false,14776,14782,14584,14598,14001,14007,13809,13823,92325,76619
2022-09-05,202209,false,14590,14719,14561,14613,13815,13944,13786,13838,92682,73583
2022-09-06,202209,false,14720,14770,14555,14635,13945,13995,13780,13860,93184,74574
2022-09-07,202209,false,14445,14455,14331,14357,13670,13680,13556,13582,99373,75051
2022-09-08,202209,false,14459,14552,14389,14545,13684,13777,13614,13770,88563,70703
2022-09-12,202209,false,14775,14824,14731,14797,14000,14049,13956,14022,73967,68152
2022-09-13,202209,false,14884,14928,14827,14875,14109,14153,14052,14100,64810,66793
2022-09-14,202209,false,14458,14641,14443,14578,13683,13866,13668,13803,88778,66290
2022-09-15,202209,false,14578,14715,14562,14642,13803,13940,13787,13867,77473,67005
2022-09-16,202209,false,14500,14527,14465,14485,13725,13752,13690,13710,75293,65353
2022-09-19,202209,false,14550,14579,14406,14420,13775,13804,13631,13645,96859,48006
2022-09-20,202210,true,14519,14534,14440,14528,13774,13789,13695,13783,35129,53165
2022-09-21,202210,false,14460,14479,14377,14411,13715,13734,13632,13666,45062,63563
2022-09-22,202210,false,14225,14250,14088,14239,13480,13505,13343,13494,104178,69697
2022-09-23,202210,false,14212,14229,14056,14118,13467,13484,13311,13373,87010,72667
2022-09-26,202210,false,13916,13953,13740,13762,13171,13208,12995,13017,114988,74950
2022-09-27,202210,false,13843,13861,13735,13815,13098,13116,12990,13070,94792,74398
2022-09-28,202210,false,13796,13849,13486,13515,13051,13104,12741,12770,144383,76023
2022-09-29,202210,false,13658,13672,13471,13523,12913,12927,12726,12778,115038,73922
2022-09-30,202210,false,13356,13458,13298,13394,12611,12713,12553,12649,120030,73202
2022-10-03,202210,false,13248,13444,13215,13303,12503,12699,12470,12558,110724,72962
2022-10-04,202210,false,13530,13615,13489,13593,12785,12870,12744,12848,91521,75267
2022-10-05,202210,false,13740,13884,13721,13814,12995,13139,12976,13069,116457,71327
2022-10-06,202210,false,13932,13957,13814,13871,13187,13212,13069,13126,89623,69607
2022-10-07,202210,false,13781,13818,13683,13688,13036,13073,12938,12943,81120,68657
2022-10-11,202210,false,13251,13297,13081,13090,12506,12552,12336,12345,132727,72822
2022-10-12,202210,false,13049,13140,12975,13072,12304,12395,12230,12327,111132,68782
2022-10-13,202210,false,13032,13085,12805,12869,12287,12340,12060,12124,125033,70093
2022-10-14,202210,false,13150,13249,13074,13168,12405,12504,12329,12423,101646,66041
2022-10-17,202210,false,12964,13009,12821,12978,12219,12264,12076,12233,138854,49947
2022-10-18,202211,true,13141,13157,12968,13079,12417,12433,12244,12355,44175,49702
2022-10-19,202211,false,13130,13166,12958,12962,12406,12442,12234,12238,65748,64124
2022-10-20,202211,false,12815,12916,12662,12898,12091,12192,11938,12174,137538,67475
2022-10-21,202211,false,12922,12948,12794,12805,12198,12224,12070,12081,107939,69643
2022-10-24,202211,false,13100,13126,12864,12884,12376,12402,12140,12160,120336,69518
2022-10-25,202211,false,12895,12946,12652,12685,12171,12222,11928,11961,146455,71200
2022-10-26,202211,false,12722,12833,12664,12741,11998,12109,11940,12017,108896,71487
2022-10-27,202211,false,12883,12984,12878,12956,12159,12260,12154,12232,97666,73797
2022-10-28,202211,false,12855,12915,12745,12767,12131,12191,12021,12043,97431,72382
2022-10-31,202211,false,12880,12997,12836,12943,12156,12273,12112,12219,88369,72471
2022-11-01,202211,false,12960,13095,12934,13033,12236,12371,12210,12309,91434,73899
2022-11-02,202211,false,13033,13103,13015,13084,12309,12379,12291,12360,66189,71908
2022-11-03,202211,false,12883,12983,12854,12957,12159,12259,12130,12233,74133,70846
2022-11-04,202211,false,12880,13039,12850,13029,12156,12315,12126,12305,82593,72258
2022-11-07,202211,false,13156,13265,13096,13225,12432,12541,12372,12501,95613,73444
2022-11-08,202211,false,13312,13390,13298,13333,12588,12666,12574,12609,74647,73474
2022-11-09,202211,false,13467,13613,13438,13593,12743,12889,12714,12869,87870,74903
2022-11-10,202211,false,13543,13565,13461,13486,12819,12841,12737,12762,71235,69928
2022-11-11,202211,false,13965,14062,13896,14054,13241,13338,13172,13330,115281,70976
2022-11-14,202211,false,14159,14195,14080,14125,13435,13471,13356,13401,114862,54447
2022-11-15,202212,true,14150,14497,14145,14455,13495,13842,13490,13800,50143,61771
2022-11-16,202212,false,14537,14578,14388,14486,13882,13923,13733,13831,66217,68087
2022-11-17,202212,false,14471,14545,14357,14511,13816,13890,13702,13856,88530,70630
2022-11-18,202212,false,14551,14681,14437,14465,13896,14026,13782,13810,114375,72320
2022-11-21,202212,false,14492,14517,14411,14431,13837,13862,13756,13776,80224,73367
2022-11-22,202212,false,14457,14529,14364,14504,13802,13874,13709,13849,88314,74935
2022-11-23,202212,false,14615,14642,14543,14599,13960,13987,13888,13944,76990,74625
2022-11-24,202212,false,14690,14789,14656,14774,14035,14134,14001,14119,77474,79076
2022-11-25,202212,false,14769,14798,14703,14710,14114,14143,14048,14055,68961,79739
2022-11-28,202212,false,14550,14588,14433,14474,13895,13933,13778,13819,106570,77453
2022-11-29,202212,false,14470,14678,14431,14660,13815,14023,13776,14005,92020,78907
2022-11-30,202212,false,14640,14838,14619,14802,13985,14183,13964,14147,101856,82937
2022-12-01,202212,false,15030,15119,14927,14980,14375,14464,14272,14325,109793,82384
2022-12-02,202212,false,14860,14959,14842,14884,14205,14304,14187,14229,70239,85713
2022-12-05,202212,false,14898,15046,14880,14930,14243,14391,14225,14275,79795,86774
2022-12-06,202212,false,14874,14894,14672,14679,14219,14239,14017,14024,92759,86942
2022-12-07,202212,false,14603,14780,14594,14625,13948,14125,13939,13970,106919,84999
2022-12-08,202212,false,14567,14570,14413,14495,13912,13915,13758,13840,99806,84253
2022-12-09,202212,false,14636,14722,14572,14709,13981,14067,13917,14054,88022,79655
2022-12-12,202212,false,14649,14650,14485,14583,13994,13995,13830,13928,87221,79638
2022-12-13,202212,false,14660,14687,14496,14518,14005,14032,13841,13863,86066,79768
2022-12-14,202212,false,14609,14732,14576,14710,13954,14077,13921,14055,88287,81557
2022-12-15,202212,false,14658,14750,14607,14713,14003,14095,13952,14058,88235,80490
2022-12-16,202212,false,14440,14550,14411,14463,13785,13895,13756,13808,104255,73670
2022-12-19,202212,false,14405,14485,14362,14407,13750,13830,13707,13752,98774,46185
2022-12-20,202301,true,14328,14406,14092,14123,13703,13781,13467,13498,49234,65895
2022-12-21,202301,false,14172,14233,14131,14167,13547,13608,13506,13542,42605,74836
2022-12-22,202301,false,14311,14396,14285,14374,13686,13771,13660,13749,71964,80249
2022-12-23,202301,false,14168,14237,14125,14189,13543,13612,13500,13564,72919,79350
2022-12-26,202301,false,14196,14254,14192,14243,13571,13629,13567,13618,35315,79480
2022-12-27,202301,false,14295,14392,14278,14305,13670,13767,13653,13680,65334,80674
2022-12-28,202301,false,14190,14195,14070,14112,13565,13570,13445,13487,84583,81506
2022-12-29,202301,false,13960,14072,13938,14034,13335,13447,13313,13409,78436,79478
2022-12-30,202301,false,14193,14213,14127,14135,13568,13588,13502,13510,61365,77999
2023-01-03,202301,false,14050,14247,13952,14230,13425,13622,13327,13605,114614,75102
2023-01-04,202301,false,14205,14271,14181,14209,13580,13646,13556,13584,69531,70972
2023-01-05,202301,false,14324,14375,14239,14289,13699,13750,13614,13664,77650,71755
2023-01-06,202301,false,14278,14403,14275,14366,13653,13778,13650,13741,78727,72568
2023-01-09,202301,false,14618,14770,14582,14765,13993,14145,13957,14140,80242,72740
2023-01-10,202301,false,14745,14829,14735,14810,14120,14204,14110,14185,69053,69159
2023-01-11,202301,false,14855,14884,14746,14791,14230,14259,14121,14166,62375,67074
2023-01-12,202301,false,14825,14840,14709,14766,14200,14215,14084,14141,68357,65393
2023-01-13,202301,false,15000,15016,14822,14834,14375,14391,14197,14209,83193,63944
2023-01-16,202301,false,14935,15004,14916,14938,14310,14379,14291,14313,84845,47853
2023-01-17,202302,true,14889,14954,14889,14910,14279,14344,14279,14300,26734,52817
2023-01-30,202302,false,15450,15532,15349,15457,14840,14922,14739,14847,56025,62726
2023-01-31,202302,false,15449,15456,15265,15268,14839,14846,14655,14658,72954,67676
2023-02-01,202302,false,15350,15402,15297,15382,14740,14792,14687,14772,61365,66031
2023-02-02,202302,false,15549,15600,15468,15580,14939,14990,14858,14970,75910,68426
2023-02-03,202302,false,15581,15629,15488,15581,14971,15019,14878,14971,71763,66293
2023-02-06,202302,false,15504,15505,15391,15407,14894,14895,14781,14797,75333,67894
2023-02-07,202302,false,15383,15447,15366,15397,14773,14837,14756,14787,65134,67940
2023-02-08,202302,false,15475,15624,15474,15604,14865,15014,14864,14994,72141,70953
2023-02-09,202302,false,15549,15608,15530,15600,14939,14998,14920,14990,56658,67602
2023-02-10,202302,false,15596,15598,15520,15577,14986,14988,14910,14967,87442,63926
2023-02-13,202302,false,15510,15547,15431,15532,14900,14937,14821,14922,100940,46665
2023-02-14,202303,true,15608,15670,15581,15645,15011,15073,14984,15048,27044,47565
2023-02-15,202303,false,15495,15533,15360,15366,14898,14936,14763,14769,61273,62006
2023-02-16,202303,false,15458,15599,15451,15543,14861,15002,14854,14946,81731,68566
2023-02-17,202303,false,15428,15475,15384,15436,14831,14878,14787,14839,71212,65814
2023-02-20,202303,false,15386,15555,15367,15524,14789,14958,14770,14927,70776,68490
2023-02-21,202303,false,15486,15547,15471,15528,14889,14950,14874,14931,57221,66991
2023-02-22,202303,false,15353,15415,15306,15375,14756,14818,14709,14778,80471,68756
2023-02-23,202303,false,15435,15656,15433,15600,14838,15059,14836,15003,92289,71983
2023-02-24,202303,false,15642,15684,15526,15541,15045,15087,14929,14944,76672,68616
2023-03-01,202303,false,15381,15555,15333,15546,14784,14958,14736,14949,82601,69008
2023-03-02,202303,false,15596,15618,15435,15542,14999,15021,14838,14945,81548,69601
2023-03-03,202303,false,15612,15670,15568,15615,15015,15073,14971,15018,81464,72125
2023-03-06,202303,false,15730,15834,15692,15772,15133,15237,15095,15175,88661,71813
2023-03-07,202303,false,15786,15894,15750,15873,15189,15297,15153,15276,66075,72165
2023-03-08,202303,false,15725,15809,15721,15785,15128,15212,15124,15188,75396,66054
2023-03-09,202303,false,15855,15862,15751,15766,15258,15265,15154,15169,63471,66358
2023-03-10,202303,false,15618,15624,15452,15481,15021,15027,14855,14884,100898,64951
2023-03-13,202303,false,15450,15540,15345,15519,14853,14943,14748,14922,137218,39314
2023-03-14,202304,true,15330,15372,15268,15288,14799,14841,14737,14757,37731,48095
2023-03-15,202304,false,15402,15475,15316,15330,14871,14944,14785,14799,58835,62084
2023-03-16,202304,false,15194,15305,15150,15226,14663,14774,14619,14695,115384,65640
2023-03-17,202304,false,15310,15418,15298,15405,14779,14887,14767,14874,91820,66215
2023-03-20,202304,false,15454,15477,15352,15370,14923,14946,14821,14839,79652,65540
2023-03-21,202304,false,15464,15517,15425,15455,14933,14986,14894,14924,73240,65755
2023-03-22,202304,false,15589,15725,15568,15715,15058,15194,15037,15184,79375,72441
2023-03-23,202304,false,15695,15866,15683,15836,15164,15335,15152,15305,87831,75135
2023-03-24,202304,false,15878,15923,15806,15917,15347,15392,15275,15386,72534,74211
2023-03-27,202304,false,15855,15893,15793,15829,15324,15362,15262,15298,72250,69345
2023-03-28,202304,false,15814,15829,15655,15689,15283,15298,15124,15158,84158,69508
2023-03-29,202304,false,15730,15787,15653,15738,15199,15256,15122,15207,77212,69250
2023-03-30,202304,false,15822,15862,15761,15819,15291,15331,15230,15288,78724,68933
2023-03-31,202304,false,15879,15965,15860,15864,15348,15434,15329,15333,82044,69836
2023-04-06,202304,false,15780,15793,15701,15762,15249,15262,15170,15231,71495,68514
2023-04-07,202304,false,15850,15870,15796,15818,15319,15339,15265,15287,52583,69593
2023-04-10,202304,false,15839,15927,15828,15851,15308,15396,15297,15320,61327,70836
2023-04-11,202304,false,15834,15963,15825,15924,15303,15432,15294,15393,81532,70630
2023-04-12,202304,false,15957,15960,15866,15925,15426,15429,15335,15394,57123,68379
2023-04-13,202304,false,15865,15903,15808,15816,15334,15372,15277,15285,79548,67674
2023-04-14,202304,false,15882,15995,15855,15948,15351,15464,15324,15417,88415,69858
2023-04-17,202304,false,15920,15974,15877,15970,15389,15443,15346,15439,84803,52427
2023-04-18,202305,true,15911,15937,15846,15872,15399,15425,15334,15360,35258,48482
2023-04-19,202305,false,15876,15907,15768,15778,15364,15395,15256,15266,56290,64317
2023-04-20,202305,false,15730,15798,15682,15731,15218,15286,15170,15219,95145,67599
2023-04-21,202305,false,15757,15778,15602,15614,15245,15266,15090,15102,101724,72736
2023-04-24,202305,false,15545,15655,15542,15620,15033,15143,15030,15108,74865,73012
2023-04-25,202305,false,15641,15662,15369,15389,15129,15150,14857,14877,117880,77535
2023-04-26,202305,false,15390,15409,15312,15376,14878,14897,14800,14864,96433,76939
2023-04-27,202305,false,15342,15461,15305,15426,14830,14949,14793,14914,85853,74772
2023-04-28,202305,false,15515,15596,15498,15572,15003,15084,14986,15060,84556,73774
2023-05-02,202305,false,15628,15672,15551,15635,15116,15160,15039,15123,78993,74133
2023-05-03,202305,false,15559,15595,15523,15549,15047,15083,15011,15037,67779,72685
2023-05-04,202305,false,15496,15619,15490,15607,14984,15107,14978,15095,70601,72300
2023-05-05,202305,false,15598,15696,15576,15642,15086,15184,15064,15130,79097,71427
2023-05-08,202305,false,15758,15776,15704,15723,15246,15264,15192,15211,67383,69493
2023-05-09,202305,false,15706,15744,15652,15736,15194,15232,15140,15224,73221,68982
2023-05-10,202305,false,15692,15702,15581,15610,15180,15190,15069,15098,79948,67625
2023-05-11,202305,false,15660,15683,15517,15519,15148,15171,15005,15007,92649,68946
2023-05-12,202305,false,15450,15559,15420,15506,14938,15047,14908,14994,89636,65350
2023-05-15,202305,false,15439,15522,15425,15510,14927,15010,14913,14998,98204,50013
2023-05-16,202306,true,15531,15661,15518,15629,15080,15210,15067,15178,35555,54518
2023-05-17,202306,false,15661,15894,15650,15875,15210,15443,15199,15424,75767,74656
2023-05-18,202306,false,16026,16085,15960,16069,15575,15634,15509,15618,86157,79705
2023-05-19,202306,false,16153,16161,16068,16127,15702,15710,15617,15676,72580,79934
2023-05-22,202306,false,16133,16158,16091,16115,15682,15707,15640,15664,57628,81199
2023-05-23,202306,false,16149,16195,16072,16135,15698,15744,15621,15684,82150,84302
2023-05-24,202306,false,16055,16091,16005,16069,15604,15640,15554,15618,76889,85378
2023-05-25,202306,false,16132,16232,16125,16205,15681,15781,15674,15754,98367,86787
2023-05-26,202306,false,16362,16456,16346,16438,15911,16005,15895,15987,89892,87090
2023-05-29,202306,false,16607,16633,16543,16578,16156,16182,16092,16127,73815,86731
2023-05-30,202306,false,16550,16607,16515,16573,16099,16156,16064,16122,66386,87714
2023-05-31,202306,false,16576,16598,16455,16488,16125,16147,16004,16037,97967,87760
2023-06-01,202306,false,16440,16518,16422,16469,15989,16067,15971,16018,70078,88865
2023-06-02,202306,false,16577,16738,16566,16711,16126,16287,16115,16260,81950,90130
2023-06-05,202306,false,16750,16764,16657,16683,16299,16313,16206,16232,67739,86451
2023-06-06,202306,false,16687,16784,16680,16746,16236,16333,16229,16295,76480,87939
2023-06-07,202306,false,16785,16906,16766,16890,16334,16455,16315,16439,75944,89202
2023-06-08,202306,false,16852,16867,16667,16717,16401,16416,16216,16266,86320,85506
2023-06-09,202306,false,16802,16888,16785,16886,16351,16437,16334,16435,68556,86276
2023-06-12,202306,false,16954,16984,16907,16942,16503,16533,16456,16491,62748,85819
2023-06-13,202306,false,17088,17274,17081,17218,16637,16823,16630,16767,89364,89286
2023-06-14,202306,false,17199,17230,17133,17199,16748,16779,16682,16748,70092,85054
2023-06-15,202306,false,17250,17348,17230,17336,16799,16897,16779,16885,73605,85928
2023-06-16,202306,false,17292,17322,17215,17269,16841,16871,16764,16818,89295,78723
2023-06-19,202306,false,17194,17286,17160,17253,16743,16835,16709,16802,89130,55889
2023-06-20,202307,true,17021,17060,16931,17012,16747,16786,16657,16738,38074,65651
2023-06-21,202307,false,16966,17051,16956,17003,16692,16777,16682,16729,45799,72580
2023-06-26,202307,false,16851,16915,16822,16880,16577,16641,16548,16606,72170,79977
2023-06-27,202307,false,16805,16855,16705,16742,16531,16581,16431,16468,94078,80289
2023-06-28,202307,false,16795,16810,16712,16775,16521,16536,16438,16501,75639,80693
2023-06-29,202307,false,16851,16965,16733,16762,16577,16691,16459,16488,111710,82033
2023-06-30,202307,false,16718,16826,16671,16787,16444,16552,16397,16513,76943,80621
2023-07-03,202307,false,16901,17038,16897,17035,16627,16764,16623,16761,75504,84331
2023-07-04,202307,false,17025,17116,16983,17103,16751,16842,16709,16829,67409,84469
2023-07-05,202307,false,17086,17098,16975,17005,16812,16824,16701,16731,72937,83451
2023-07-06,202307,false,16869,16898,16673,16689,16595,16624,16399,16415,108783,83240
2023-07-07,202307,false,16566,16708,16536,16624,16292,16434,16262,16350,96841,80643
2023-07-10,202307,false,16675,16737,16545,16553,16401,16463,16271,16279,99315,78747
2023-07-11,202307,false,16750,16877,16737,16866,16476,16603,16463,16592,83593,80666
2023-07-12,202307,false,16880,16929,16824,16922,16606,16655,16550,16648,78402,79093
2023-07-13,202307,false,17137,17255,17056,17086,16863,16981,16782,16812,107250,78765
2023-07-14,202307,false,17219,17305,17143,17291,16945,17031,16869,17017,88668,75198
2023-07-17,202307,false,17234,17345,17229,17287,16960,17071,16955,17013,94891,51033
2023-07-18,202308,true,17273,17327,17106,17170,17049,17103,16882,16946,39226,51264
2023-07-19,202308,false,17213,17269,17047,17081,16989,17045,16823,16857,68885,64962
2023-07-20,202308,false,17020,17150,17018,17126,16796,16926,16794,16902,88053,70219
2023-07-21,202308,false,16860,16984,16816,16947,16636,16760,16592,16723,99103,71475
2023-07-24,202308,false,16947,17024,16866,16979,16723,16800,16642,16755,94583,71083
2023-07-25,202308,false,17091,17225,17054,17182,16867,17001,16830,16958,92668,76847
2023-07-26,202308,false,17206,17208,17078,17100,16982,16984,16854,16876,92561,75333
2023-07-27,202308,false,17183,17263,17168,17223,16959,17039,16944,16999,91001,75049
2023-07-28,202308,false,17155,17299,17135,17262,16931,17075,16911,17038,105980,75230
2023-07-31,202308,false,17400,17425,17058,17103,17176,17201,16834,16879,130814,75779
2023-08-01,202308,false,17160,17218,17090,17178,16936,16994,16866,16954,92003,74399
2023-08-02,202308,false,17093,17162,16806,16820,16869,16938,16582,16596,136576,75872
2023-08-04,202308,false,16720,16863,16715,16823,16496,16639,16491,16599,96586,74523
2023-08-07,202308,false,16859,17027,16836,17000,16635,16803,16612,16776,93476,73569
2023-08-08,202308,false,17020,17026,16757,16852,16796,16802,16533,16628,114678,71198
2023-08-09,202308,false,16815,16935,16780,16853,16591,16711,16556,16629,99083,69805
2023-08-10,202308,false,16788,16797,16584,16656,16564,16573,16360,16432,115276,67873
2023-08-11,202308,false,16711,16754,16574,16625,16487,16530,16350,16401,96858,65389
2023-08-14,202308,false,16567,16570,16306,16377,16343,16346,16082,16153,142754,44624
2023-08-15,202309,true,16456,16518,16398,16400,16255,16317,16197,16199,31641,42043
2023-08-16,202309,false,16322,16399,16275,16373,16121,16198,16074,16172,56198,55756
2023-08-17,202309,false,16261,16493,16205,16456,16060,16292,16004,16255,124759,63340
2023-08-18,202309,false,16422,16541,16320,16353,16221,16340,16119,16152,118197,64407
2023-08-21,202309,false,16424,16474,16325,16348,16223,16273,16124,16147,91744,66185
2023-08-22,202309,false,16495,16507,16380,16400,16294,16306,16179,16199,86244,64491
2023-08-23,202309,false,16419,16561,16405,16558,16218,16360,16204,16357,97878,66814
2023-08-24,202309,false,16788,16798,16670,16756,16587,16597,16469,16555,108492,63099
2023-08-25,202309,false,16549,16586,16415,16426,16348,16385,16214,16225,99877,68389
2023-08-28,202309,false,16468,16548,16461,16492,16267,16347,16260,16291,83055,67225
2023-08-29,202309,false,16578,16632,16453,16624,16377,16431,16252,16423,84833,65142
2023-08-30,202309,false,16738,16778,16695,16723,16537,16577,16494,16522,69975,64022
2023-08-31,202309,false,16730,16731,16602,16620,16529,16530,16401,16419,89842,63416
2023-09-01,202309,false,16608,16727,16600,16651,16407,16526,16399,16450,78439,64613
2023-09-04,202309,false,16646,16782,16607,16778,16445,16581,16406,16577,84928,66279
2023-09-05,202309,false,16736,16765,16707,16752,16535,16564,16506,16551,57012,64538
2023-09-06,202309,false,16758,16801,16702,16713,16557,16600,16501,16512,70796,63780
2023-09-07,202309,false,16604,16660,16560,16563,16403,16459,16359,16362,78366,64463
2023-09-08,202309,false,16490,16579,16467,16562,16289,16378,16266,16361,74559,66603
2023-09-11,202309,false,16560,16577,16366,16425,16359,16376,16165,16224,104377,66816
2023-09-12,202309,false,16459,16591,16413,16570,16258,16390,16212,16369,94566,65999
2023-09-13,202309,false,16570,16645,16523,16579,16369,16444,16322,16378,79200,64256
2023-09-14,202309,false,16676,16842,16675,16836,16475,16641,16474,16635,83243,70502
2023-09-15,202309,false,16848,16918,16808,16904,16647,16717,16607,16703,76226,66858
2023-09-18,202309,false,16757,16796,16700,16712,16556,16595,16499,16511,99184,43683
2023-09-19,202310,true,16692,16756,16617,16621,16476,16540,16401,16405,31798,48936
2023-09-20,202310,false,16620,16658,16544,16565,16404,16442,16328,16349,51361,58049
2023-09-21,202310,false,16479,16483,16280,16311,16263,16267,16064,16095,104132,71304
2023-09-22,202310,false,16200,16355,16188,16344,15984,16139,15972,16128,77457,68884
2023-09-25,202310,false,16352,16491,16340,16465,16136,16275,16124,16249,69416,67240
2023-09-26,202310,false,16400,16408,16273,16305,16184,16192,16057,16089,88022,67979
2023-09-27,202310,false,16246,16334,16230,16311,16030,16118,16014,16095,76137,67498
2023-09-28,202310,false,16342,16435,16295,16367,16126,16219,16079,16151,90613,66362
2023-10-02,202310,false,16531,16610,16504,16556,16315,16394,16288,16340,76695,67732
2023-10-03,202310,false,16497,16553,16408,16411,16281,16337,16192,16195,84437,66910
2023-10-04,202310,false,16285,16286,16164,16245,16069,16070,15948,16029,105815,70024
2023-10-05,202310,false,16300,16486,16288,16457,16084,16270,16072,16241,88286,69086
2023-10-06,202310,false,16476,16552,16473,16528,16260,16336,16257,16312,67779,66322
2023-10-11,202310,false,16829,16829,16662,16714,16613,16613,16446,16498,83064,65459
2023-10-12,202310,false,16768,16857,16725,16848,16552,16641,16509,16632,76196,69586
2023-10-13,202310,false,16750,16807,16730,16771,16534,16591,16514,16555,67885,66652
2023-10-16,202310,false,16661,16683,16603,16649,16445,16467,16387,16433,101143,45084
2023-10-17,202311,true,16767,16786,16658,16674,16527,16546,16418,16434,31629,45699
2023-10-18,202311,false,16642,16649,16454,16468,16402,16409,16214,16228,61156,61688
2023-10-19,202311,false,16365,16487,16357,16461,16125,16247,16117,16221,83646,65117
2023-10-20,202311,false,16440,16465,16255,16414,16200,16225,16015,16174,115247,65407
2023-10-23,202311,false,16350,16366,16250,16256,16110,16126,16010,16016,79206,72601
2023-10-24,202311,false,16274,16343,16148,16333,16034,16103,15908,16093,117248,70563
2023-10-25,202311,false,16370,16480,16350,16358,16130,16240,16110,16118,85062,68394
2023-10-26,202311,false,16144,16176,16039,16066,15904,15936,15799,15826,110234,75530
2023-10-27,202311,false,16137,16217,16120,16152,15897,15977,15880,15912,84813,69690
2023-10-30,202311,false,16118,16238,16111,16160,15878,15998,15871,15920,88685,70834
2023-10-31,202311,false,16180,16197,15973,15997,15940,15957,15733,15757,109000,76161
2023-11-01,202311,false,16099,16120,15978,16050,15859,15880,15738,15810,86885,73932
2023-11-02,202311,false,16256,16399,16250,16389,16016,16159,16010,16149,80878,72942
2023-11-03,202311,false,16488,16537,16441,16514,16248,16297,16201,16274,73936,70074
2023-11-06,202311,false,16680,16750,16626,16673,16440,16510,16386,16433,83172,73136
2023-11-07,202311,false,16632,16712,16613,16708,16392,16472,16373,16468,65290,74875
2023-11-08,202311,false,16725,16797,16687,16752,16485,16557,16447,16512,76332,75925
2023-11-09,202311,false,16711,16788,16692,16763,16471,16548,16452,16523,69823,76663
2023-11-10,202311,false,16664,16738,16627,16732,16424,16498,16387,16492,83384,69100
2023-11-13,202311,false,16969,16985,16836,16874,16729,16745,16596,16634,100083,46143
2023-11-14,202312,true,16948,16989,16925,16968,16688,16729,16665,16708,30763,54142
2023-11-15,202312,false,17190,17214,17094,17159,16930,16954,16834,16899,56608,68717
2023-11-16,202312,false,17196,17218,17109,17186,16936,16958,16849,16926,72693,74759
2023-11-17,202312,false,17152,17252,17151,17219,16892,16992,16891,16959,72936,79700
2023-11-20,202312,false,17227,17288,17154,17201,16967,17028,16894,16941,72251,81888
2023-11-21,202312,false,17281,17425,17280,17411,17021,17165,17020,17151,70242,89081
2023-11-22,202312,false,17298,17334,17256,17289,17038,17074,16996,17029,65563,87841
2023-11-23,202312,false,17275,17323,17214,17304,17015,17063,16954,17044,73777,87311
2023-11-24,202312,false,17330,17350,17265,17293,17070,17090,17005,17033,51647,87084
2023-11-27,202312,false,17257,17361,17145,17172,16997,17101,16885,16912,90354,86345
2023-11-28,202312,false,17215,17402,17195,17360,16955,17142,16935,17100,87471,88448
2023-11-29,202312,false,17339,17450,17314,17339,17079,17190,17054,17079,79086,87554
2023-11-30,202312,false,17400,17416,17291,17393,17140,17156,17031,17133,82954,87528
2023-12-01,202312,false,17333,17434,17254,17424,17073,17174,16994,17164,79764,89886
2023-12-04,202312,false,17465,17491,17376,17418,17205,17231,17116,17158,69262,87232
2023-12-05,202312,false,17285,17330,17231,17309,17025,17070,16971,17049,76784,87985
2023-12-06,202312,false,17367,17453,17346,17377,17107,17193,17086,17117,79377,86773
2023-12-07,202312,false,17321,17371,17261,17271,17061,17111,17001,17011,77297,87864
2023-12-08,202312,false,17409,17470,17363,17375,17149,17210,17103,17115,88169,87293
2023-12-11,202312,false,17436,17457,17350,17418,17176,17197,17090,17158,65150,88001
2023-12-12,202312,false,17518,17545,17427,17462,17258,17285,17167,17202,67207,87797
2023-12-13,202312,false,17491,17519,17426,17457,17231,17259,17166,17197,65147,86680
2023-12-14,202312,false,17608,17691,17595,17663,17348,17431,17335,17403,96741,87000
2023-12-15,202312,false,17771,17775,17672,17673,17511,17515,17412,17413,80686,77816
2023-12-18,202401,true,17660,17670,17584,17649,17407,17417,17331,17396,38536,51845
2023-12-19,202401,false,17589,17614,17500,17564,17336,17361,17247,17311,35743,73095
2023-12-20,202401,false,17592,17676,17591,17663,17339,17423,17338,17410,44834,84359
2023-12-21,202401,false,17442,17544,17414,17529,17189,17291,17161,17276,72886,91643
2023-12-22,202401,false,17563,17597,17542,17560,17310,17344,17289,17307,52791,88621
2023-12-25,202401,false,17644,17666,17607,17622,17391,17413,17354,17369,36922,90227
2023-12-26,202401,false,17651,17740,17634,17734,17398,17487,17381,17481,52770,93499
2023-12-27,202401,false,17755,17874,17737,17859,17502,17621,17484,17606,64820,99464
2023-12-28,202401,false,17850,17887,17821,17866,17597,17634,17568,17613,56537,100979
2023-12-29,202401,false,17853,17900,17828,17870,17600,17647,17575,17617,56505,102826
2024-01-02,202401,false,17838,17920,17751,17800,17585,17667,17498,17547,82827,103404
2024-01-03,202401,false,17658,17667,17507,17545,17405,17414,17254,17292,97851,106526
2024-01-04,202401,false,17525,17583,17525,17550,17272,17330,17272,17297,57402,102022
2024-01-05,202401,false,17577,17626,17491,17518,17324,17373,17238,17265,77062,101818
2024-01-08,202401,false,17572,17706,17568,17595,17319,17453,17315,17342,86585,102591
2024-01-09,202401,false,17770,17782,17526,17547,17517,17529,17273,17294,96286,103756
2024-01-10,202401,false,17509,17521,17439,17460,17256,17268,17186,17207,70327,102213
2024-01-11,202401,false,17490,17606,17481,17570,17237,17353,17228,17317,86899,100653
2024-01-12,202401,false,17466,17570,17447,17487,17213,17317,17194,17234,83946,90295
2024-01-15,202401,false,17580,17655,17527,17554,17327,17402,17274,17301,137809,59653
2024-01-16,202402,true,17503,17503,17338,17362,17221,17221,17056,17080,43634,64270
2024-01-17,202402,false,17329,17365,17217,17235,17047,17083,16935,16953,62898,79662
2024-01-18,202402,false,17240,17326,17215,17282,16958,17044,16933,17000,90702,79622
2024-01-19,202402,false,17541,17684,17504,17674,17259,17402,17222,17392,111839,82596
2024-01-22,202402,false,17816,17843,17747,17815,17534,17561,17465,17533,83035,80566
2024-01-23,202402,false,17799,17877,17790,17868,17517,17595,17508,17586,77256,81014
2024-01-24,202402,false,17903,17941,17876,17896,17621,17659,17594,17614,65654,79857
2024-01-25,202402,false,18016,18030,17935,17997,17734,17748,17653,17715,74949,81602
2024-01-26,202402,false,17951,18023,17936,17999,17669,17741,17654,17717,65973,81748
2024-01-29,202402,false,18011,18135,17970,18123,17729,17853,17688,17841,73311,84626
2024-01-30,202402,false,18129,18139,18064,18081,17847,17857,17782,17799,63313,80335
2024-01-31,202402,false,17990,18003,17904,17921,17708,17721,17622,17639,78949,78494
2024-02-01,202402,false,17956,17994,17882,17985,17674,17712,17600,17703,82846,79266
2024-02-02,202402,false,18100,18105,18023,18084,17818,17823,17741,17802,64193,79503
2024-02-05,202402,false,18008,18102,17958,18085,17726,17820,17676,17803,72290,76564
2024-02-15,202402,false,18590,18696,18531,18666,18308,18414,18249,18384,112201,76320
2024-02-16,202402,false,18683,18726,18633,18639,18401,18444,18351,18357,65410,71159
2024-02-19,202402,false,18680,18692,18619,18669,18398,18410,18337,18387,80197,51848
2024-02-20,202403,true,18641,18763,18605,18760,18350,18472,18314,18469,42071,63509
2024-02-21,202403,false,18755,18755,18679,18693,18464,18464,18388,18402,44868,70761
2024-02-22,202403,false,18887,18890,18751,18886,18596,18599,18460,18595,84610,74973
2024-02-23,202403,false,18990,19000,18898,18912,18699,18709,18607,18621,80858,75413
2024-02-26,202403,false,18907,18996,18853,18964,18616,18705,18562,18673,68087,77674
2024-02-27,202403,false,18950,19020,18750,18870,18659,18729,18459,18579,120451,76800
2024-02-29,202403,false,18808,18997,18805,18961,18517,18706,18514,18670,84818,77669
2024-03-01,202403,false,18968,19017,18924,18961,18677,18726,18633,18670,75198,76059
2024-03-04,202403,false,19144,19340,19137,19311,18853,19049,18846,19020,97821,78964
2024-03-05,202403,false,19362,19436,19305,19390,19071,19145,19014,19099,83640,78397
2024-03-06,202403,false,19282,19523,19271,19507,18991,19232,18980,19216,96101,77454
2024-03-07,202403,false,19688,19770,19584,19702,19397,19479,19293,19411,122063,75980
2024-03-08,202403,false,19930,20009,19638,19794,19639,19718,19347,19503,172140,74424
2024-03-11,202403,false,19691,19825,19679,19716,19400,19534,19388,19425,97483,72175
2024-03-12,202403,false,19714,19956,19698,19954,19423,19665,19407,19663,91498,75208
2024-03-13,202403,false,19994,20064,19886,19928,19703,19773,19595,19637,111450,74018
2024-03-14,202403,false,19897,19978,19799,19940,19606,19687,19508,19649,108905,75728
2024-03-15,202403,false,19828,19873,19723,19728,19537,19582,19432,19437,109827,74667
2024-03-18,202403,false,19778,19920,19747,19914,19487,19629,19456,19623,100312,54819
2024-03-19,202404,true,19845,19929,19762,19885,19536,19620,19453,19576,42402,54310
2024-03-20,202404,false,19866,19972,19794,19833,19557,19663,19485,19524,68842,66799
2024-03-21,202404,false,20048,20264,20029,20260,19739,19955,19720,19951,110169,74326
2024-03-22,202404,false,20226,20285,20122,20240,19917,19976,19813,19931,94477,69360
2024-03-25,202404,false,20256,20307,20188,20229,19947,19998,19879,19920,72613,69854
2024-03-26,202404,false,20280,20459,20038,20185,19971,20150,19729,19876,173550,71018
2024-03-27,202404,false,20185,20288,20148,20258,19876,19979,19839,19949,86234,71921
2024-03-28,202404,false,20238,20250,20081,20202,19929,19941,19772,19893,103798,73979
2024-03-29,202404,false,20226,20299,20192,20278,19917,19990,19883,19969,84010,75653
2024-04-01,202404,false,20393,20400,20259,20293,20084,20091,19950,19984,83567,75298
2024-04-02,202404,false,20350,20524,20350,20521,20041,20215,20041,20212,96508,80556
2024-04-03,202404,false,20370,20419,20275,20351,20061,20110,19966,20042,111570,75377
2024-04-08,202404,false,20404,20520,20375,20447,20095,20211,20066,20138,85815,75084
2024-04-09,202404,false,20538,20877,20518,20869,20229,20568,20209,20560,117238,77274
2024-04-10,202404,false,20822,20892,20804,20848,20513,20583,20495,20539,75731,74809
2024-04-11,202404,false,20706,20764,20651,20752,20397,20455,20342,20443,88537,74658
2024-04-12,202404,false,20745,20809,20682,20753,20436,20500,20373,20444,91615,69576
2024-04-15,202404,false,20544,20605,20460,20506,20235,20296,20151,20197,114946,52136
2024-04-16,202405,true,20334,20334,19834,19982,19990,19990,19490,19638,52436,57714
2024-04-17,202405,false,19979,20242,19955,20189,19635,19898,19611,19845,78050,68100
2024-04-18,202405,false,20070,20359,20025,20353,19726,20015,19681,20009,120221,70527
2024-04-19,202405,false,19840,19924,19265,19559,19496,19580,18921,19215,237961,69324
2024-04-22,202405,false,19620,19715,19445,19528,19276,19371,19101,19184,135191,64468
2024-04-23,202405,false,19651,19745,19554,19680,19307,19401,19210,19336,100612,66999
2024-04-24,202405,false,19930,20202,19916,20170,19586,19858,19572,19826,101458,70681
2024-04-25,202405,false,19940,19979,19834,19880,19596,19635,19490,19536,96972,67785
2024-04-26,202405,false,20126,20271,20070,20176,19782,19927,19726,19832,113798,68404
2024-04-29,202405,false,20350,20560,20310,20550,20006,20216,19966,20206,97993,73761
2024-04-30,202405,false,20518,20576,20404,20413,20174,20232,20060,20069,77061,70218
2024-05-02,202405,false,20250,20380,20215,20292,19906,20036,19871,19948,90193,69380
2024-05-03,202405,false,20548,20597,20306,20382,20204,20253,19962,20038,100974,70362
2024-05-06,202405,false,20685,20714,20562,20601,20341,20370,20218,20257,83722,73198
2024-05-07,202405,false,20733,20756,20536,20648,20389,20412,20192,20304,85595,71409
2024-05-08,202405,false,20618,20738,20574,20724,20274,20394,20230,20380,73449,71217
2024-05-09,202405,false,20707,20763,20605,20612,20363,20419,20261,20268,79443,67471
2024-05-10,202405,false,20738,20828,20616,20812,20394,20484,20272,20468,97925,63044
2024-05-13,202405,false,20942,20965,20833,20881,20598,20621,20489,20537,98279,42670
2024-05-14,202406,true,20876,21014,20870,21009,20529,20667,20523,20662,35328,50624
2024-05-15,202406,false,21192,21381,21120,21243,20845,21034,20773,20896,63095,63523
2024-05-16,202406,false,21465,21556,21326,21372,21118,21209,20979,21025,104856,69086
2024-05-17,202406,false,21303,21407,21288,21335,20956,21060,20941,20988,71837,69083
2024-05-20,202406,false,21435,21485,21153,21299,21088,21138,20806,20952,109398,70697
2024-05-21,202406,false,21324,21350,21165,21282,20977,21003,20818,20935,74973,71764
2024-05-22,202406,false,21293,21613,21283,21581,20946,21266,20936,21234,95352,78353
2024-05-23,202406,false,21630,21661,21492,21605,21283,21314,21145,21258,85458,76142
2024-05-24,202406,false,21448,21617,21414,21568,21101,21270,21067,21221,74314,76945
2024-05-27,202406,false,21670,21917,21655,21870,21323,21570,21308,21523,88063,78958
2024-05-28,202406,false,21892,21994,21845,21951,21545,21647,21498,21604,71888,79564
2024-05-29,202406,false,21865,21907,21720,21730,21518,21560,21373,21383,85938,79859
2024-05-30,202406,false,21512,21553,21368,21395,21165,21206,21021,21048,100242,79612
2024-05-31,202406,false,21505,21583,21253,21288,21158,21236,20906,20941,130856,83655
2024-06-03,202406,false,21469,21698,21424,21655,21122,21351,21077,21308,116258,86389
2024-06-04,202406,false,21560,21574,21284,21327,21213,21227,20937,20980,111097,83092
2024-06-05,202406,false,21350,21493,21226,21460,21003,21146,20879,21113,108838,82316
2024-06-06,202406,false,21825,21962,21791,21873,21478,21615,21444,21526,109836,82862
2024-06-07,202406,false,21839,21908,21781,21894,21492,21561,21434,21547,69801,80182
2024-06-11,202406,false,21920,21970,21783,21801,21573,21623,21436,21454,94289,75320
2024-06-12,202406,false,21829,22063,21790,22046,21482,21716,21443,21699,95615,78963
2024-06-13,202406,false,22308,22473,22207,22325,21961,22126,21860,21978,114828,75421
2024-06-14,202406,false,22274,22514,22270,22510,21927,22167,21923,22163,86467,71619
2024-06-17,202406,false,22430,22554,22420,22477,22083,22207,22073,22130,91913,45429
2024-06-18,202407,true,22592,22682,22545,22672,22359,22449,22312,22439,33108,58250
2024-06-19,202407,false,22883,23172,22848,23135,22650,22939,22615,22902,71704,72708
2024-06-20,202407,false,23153,23380,23106,23377,22920,23147,22873,23144,90192,79838
2024-06-21,202407,false,23034,23291,23025,23207,22801,23058,22792,22974,98199,79392
2024-06-24,202407,false,23050,23073,22708,22754,22817,22840,22475,22521,125022,77031
2024-06-25,202407,false,22608,22776,22410,22747,22375,22543,22177,22514,126047,76265
2024-06-26,202407,false,22806,23005,22744,22876,22573,22772,22511,22643,113347,80383
2024-06-27,202407,false,22614,22822,22555,22797,22381,22589,22322,22564,83796,78201
2024-06-28,202407,false,22908,23117,22793,22980,22675,22884,22560,22747,103428,81762
2024-07-01,202407,false,22960,23166,22938,22993,22727,22933,22705,22760,83651,82025
2024-07-02,202407,false,22838,22993,22717,22835,22605,22760,22484,22602,104985,80084
2024-07-03,202407,false,23073,23188,22981,23183,22840,22955,22748,22950,83985,82758
2024-07-04,202407,false,23487,23626,23461,23621,23254,23393,23228,23388,88198,83790
2024-07-05,202407,false,23659,23677,23526,23571,23426,23444,23293,23338,60596,82017
2024-07-08,202407,false,23545,23994,23512,23909,23312,23761,23279,23676,107009,85253
2024-07-09,202407,false,23945,24092,23624,23881,23712,23859,23391,23648,130797,83035
2024-07-10,202407,false,23759,24014,23702,24002,23526,23781,23469,23769,106474,83357
2024-07-11,202407,false,24251,24405,24160,24371,24018,24172,23927,24138,93552,82254
2024-07-12,202407,false,24038,24070,23784,23814,23805,23837,23551,23581,115064,76346
2024-07-15,202407,false,24091,24112,23756,23851,23858,23879,23523,23618,128376,51912
2024-07-16,202408,true,23842,24172,23838,23996,23607,23937,23603,23761,35439,59691
2024-07-17,202408,false,24009,24009,23692,23779,23774,23774,23457,23544,71906,75313
2024-07-18,202408,false,23294,23444,23154,23387,23059,23209,22919,23152,126201,84604
2024-07-19,202408,false,23148,23185,22853,22907,22913,22950,22618,22672,126482,81798
2024-07-22,202408,false,22859,22906,22184,22374,22624,22671,21949,22139,177941,85117
2024-07-23,202408,false,22600,22871,22571,22835,22365,22636,22336,22600,95310,81335
2024-07-26,202408,false,22028,22156,21918,22096,21793,21921,21683,21861,121567,80936
2024-07-29,202408,false,22430,22519,22146,22256,22195,22284,21911,22021,99245,80737
2024-07-30,202408,false,21933,22299,21809,22252,21698,22064,21574,22017,126029,81657
2024-07-31,202408,false,22050,22348,22013,22284,21815,22113,21778,22049,109982,80444
2024-08-01,202408,false,22721,22728,22460,22660,22486,22493,22225,22425,102459,83214
2024-08-02,202408,false,22000,22099,21508,21526,21765,21864,21273,21291,139674,87386
2024-08-05,202408,false,20712,20742,19374,19374,20477,20507,19139,19139,211207,77869
2024-08-06,202408,false,20395,20790,19589,20455,20160,20555,19354,20220,190100,75639
2024-08-07,202408,false,20500,21335,20494,21142,20265,21100,20259,20907,155051,78081
2024-08-08,202408,false,20680,21082,20545,20698,20445,20847,20310,20463,121331,76723
2024-08-09,202408,false,21305,21593,21032,21483,21070,21358,20797,21248,136829,79384
2024-08-12,202408,false,21650,21895,21600,21676,21415,21660,21365,21441,89347,78486
2024-08-13,202408,false,21848,21898,21662,21771,21613,21663,21427,21536,68585,78430
2024-08-14,202408,false,22104,22158,21908,21996,21869,21923,21673,21761,85768,80441
2024-08-15,202408,false,21993,22114,21836,21840,21758,21879,21601,21605,71553,78839
2024-08-16,202408,false,22324,22447,22277,22365,22089,22212,22042,22130,83257,73203
2024-08-19,202408,false,22400,22521,22320,22361,22165,22286,22085,22126,103565,48532
2024-08-20,202409,true,22484,22521,22356,22403,22281,22318,22153,22200,33498,65120
2024-08-21,202409,false,22282,22315,22165,22202,22079,22112,21962,21999,44448,78391
2024-08-22,202409,false,22229,22277,22026,22100,22026,22074,21823,21897,72407,80840
2024-08-23,202409,false,21942,22170,21865,22123,21739,21967,21662,21920,67429,80092
2024-08-26,202409,false,22230,22450,22131,22210,22027,22247,21928,22007,82518,83602
2024-08-27,202409,false,22112,22210,21998,22152,21909,22007,21795,21949,64037,81648
2024-08-28,202409,false,22181,22414,22048,22405,21978,22211,21845,22202,77112,82358
2024-08-29,202409,false,21938,22245,21900,22167,21735,22042,21697,21964,80378,79788
2024-08-30,202409,false,22320,22366,22213,22318,22117,22163,22010,22115,62747,82251
2024-09-02,202409,false,22318,22448,22172,22212,22115,22245,21969,22009,72350,84141
2024-09-03,202409,false,22205,22314,22000,22051,22002,22111,21797,21848,72699,82306
2024-09-04,202409,false,21246,21347,20828,20940,21043,21144,20625,20737,139676,75158
2024-09-05,202409,false,21310,21454,21056,21183,21107,21251,20853,20980,85120,73170
2024-09-06,202409,false,21211,21435,21013,21316,21008,21232,20810,21113,92055,72351
2024-09-09,202409,false,20734,21125,20616,21083,20531,20922,20413,20880,95274,71092
2024-09-10,202409,false,21233,21281,20905,21005,21030,21078,20702,20802,96570,69425
2024-09-11,202409,false,21100,21130,20950,21006,20897,20927,20747,20803,74321,70009
2024-09-12,202409,false,21597,21780,21461,21703,21394,21577,21258,21500,91690,67746
2024-09-13,202409,false,21800,21833,21657,21815,21597,21630,21454,21612,74408,53424
2024-09-16,202410,true,21839,21886,21750,21834,21617,21664,21528,21612,36944,54139
2024-09-18,202410,false,21761,21881,21625,21694,21539,21659,21403,21472,42700,66820
2024-09-19,202410,false,21763,22082,21661,22075,21541,21860,21439,21853,82818,73946
2024-09-20,202410,false,22345,22425,22186,22216,22123,22203,21964,21994,69559,77252
2024-09-23,202410,false,22291,22392,22258,22338,22069,22170,22036,22116,52925,79093
2024-09-24,202410,false,22298,22508,22152,22493,22076,22286,21930,22271,77440,76019
2024-09-25,202410,false,22835,22860,22739,22792,22613,22638,22517,22570,63897,79930
2024-09-26,202410,false,23034,23078,22892,22957,22812,22856,22670,22735,65948,81470
2024-09-27,202410,false,23190,23195,22878,22892,22968,22973,22656,22670,75657,82677
2024-09-30,202410,false,22699,22755,22316,22326,22477,22533,22094,22104,87164,80080
2024-10-01,202410,false,22246,22463,22228,22391,22024,22241,22006,22169,57504,80872
2024-10-04,202410,false,22331,22507,22250,22288,22109,22285,22028,22066,83107,79065
2024-10-07,202410,false,22570,22808,22539,22767,22348,22586,22317,22545,76667,82989
2024-10-08,202410,false,22606,22634,22392,22578,22384,22412,22170,22356,73369,77985
2024-10-09,202410,false,22770,22888,22666,22699,22548,22666,22444,22477,66303,78346
2024-10-11,202410,false,22829,23047,22794,22911,22607,22825,22572,22689,69251,77427
2024-10-14,202410,false,22987,23049,22818,23005,22765,22827,22596,22783,85874,51580
2024-10-15,202411,true,23225,23441,23165,23288,22943,23159,22883,23006,31828,57399
2024-10-16,202411,false,22952,23260,22921,23061,22670,22978,22639,22779,49987,70333
2024-10-17,202411,false,23142,23277,23005,23256,22860,22995,22723,22974,75826,71693
2024-10-18,202411,false,23820,23840,23527,23657,23538,23558,23245,23375,90326,74956
2024-10-21,202411,false,23810,23836,23566,23574,23528,23554,23284,23292,53481,74766
2024-10-22,202411,false,23560,23637,23332,23621,23278,23355,23050,23339,70377,72949
2024-10-23,202411,false,23498,23511,23336,23409,23216,23229,23054,23127,65409,72810
2024-10-24,202411,false,23383,23449,23203,23290,23101,23167,22921,23008,73038,71208
2024-10-25,202411,false,23270,23487,23252,23476,22988,23205,22970,23194,57307,74207
2024-10-28,202411,false,23650,23657,23216,23322,23368,23375,22934,23040,84796,74614
2024-10-29,202411,false,23137,23148,22693,22979,22855,22866,22411,22697,107580,74625
2024-10-30,202411,false,23072,23145,22845,22901,22790,22863,22563,22619,63255,73683
2024-11-01,202411,false,22397,22822,22232,22767,22115,22540,21950,22485,87411,71644
2024-11-04,202411,false,22767,23046,22700,23036,22485,22764,22418,22754,65879,72446
2024-11-05,202411,false,22808,23239,22782,23137,22526,22957,22500,22855,73010,72684
2024-11-06,202411,false,23250,23448,23051,23319,22968,23166,22769,23037,102643,74000
2024-11-07,202411,false,23183,23576,23085,23525,22901,23294,22803,23243,78519,75116
2024-11-08,202411,false,23772,23794,23528,23774,23490,23512,23246,23492,71139,73378
2024-11-11,202411,false,23555,23632,23309,23572,23273,23350,23027,23290,71558,74767
2024-11-12,202411,false,23013,23242,22863,22875,22731,22960,22581,22593,84421,73649
2024-11-13,202411,false,22755,23015,22730,22786,22473,22733,22448,22504,73177,70949
2024-11-14,202411,false,22786,22880,22576,22692,22504,22598,22294,22410,86815,70720
2024-11-15,202411,false,22710,22930,22684,22762,22428,22648,22402,22480,71504,68388
2024-11-18,202411,false,22654,22789,22544,22573,22372,22507,22262,22291,93348,45523
2024-11-19,202412,true,22666,23032,22631,22895,22337,22703,22302,22566,36205,61280
2024-11-20,202412,false,22947,22999,22755,22779,22618,22670,22426,22450,40878,72806
2024-11-21,202412,false,22647,22733,22514,22575,22318,22404,22185,22246,74026,76311
2024-11-22,202412,false,22811,23066,22780,23032,22482,22737,22451,22703,71376,75719
2024-11-25,202412,false,23254,23287,23014,23062,22925,22958,22685,22733,61805,81318
2024-11-26,202412,false,22710,22845,22615,22634,22381,22516,22286,22305,68259,81107
2024-11-27,202412,false,22600,22690,22341,22352,22271,22361,22012,22023,67320,81400
2024-11-28,202412,false,22302,22385,22117,22330,21973,22056,21788,22001,75167,81045
2024-11-29,202412,false,22210,22438,22004,22307,21881,22109,21675,21978,84632,79496
2024-12-02,202412,false,22530,22828,22498,22822,22201,22499,22169,22493,61921,78718
2024-12-03,202412,false,23152,23191,22999,23111,22823,22862,22670,22782,64384,77052
2024-12-04,202412,false,23200,23296,23071,23286,22871,22967,22742,22957,52064,75381
2024-12-05,202412,false,23260,23328,23211,23252,22931,22999,22882,22923,45283,74237
2024-12-06,202412,false,23321,23360,23134,23180,22992,23031,22805,22851,60688,73146
2024-12-09,202412,false,23193,23287,23170,23250,22864,22958,22841,22921,47014,73376
2024-12-10,202412,false,23228,23337,23026,23078,22899,23008,22697,22749,70540,74389
2024-12-11,202412,false,22887,23055,22824,22847,22558,22726,22495,22518,60252,76378
2024-12-12,202412,false,23004,23211,23003,23107,22675,22882,22674,22778,59344,77376
2024-12-13,202412,false,22996,23092,22888,22984,22667,22763,22559,22655,64309,73029
2024-12-16,202412,false,23220,23270,22946,22966,22891,22941,22617,22637,95042,44146
2024-12-17,202501,true,23175,23260,23082,23096,22780,22865,22687,22701,33806,58344
2024-12-18,202501,false,23002,23249,22972,23179,22607,22854,22577,22784,43700,69637
2024-12-19,202501,false,22747,22906,22718,22852,22352,22511,22323,22457,72523,72346
2024-12-20,202501,false,22767,22793,22590,22631,22372,22398,22195,22236,75535,71133
2024-12-23,202501,false,22904,23245,22899,23233,22509,22850,22504,22838,67589,73230
2024-12-24,202501,false,23430,23459,23187,23201,23035,23064,22792,22806,47581,72189
2024-12-25,202501,false,23340,23349,23240,23326,22945,22954,22845,22931,32836,72934
2024-12-26,202501,false,23358,23380,23285,23326,22963,22985,22890,22931,27231,74328
2024-12-27,202501,false,23194,23378,23148,23372,22799,22983,22753,22977,43009,73146
2024-12-30,202501,false,23202,23324,23154,23171,22807,22929,22759,22776,37022,73059
2024-12-31,202501,false,22998,23110,22955,23044,22603,22715,22560,22649,48455,72625
2025-01-02,202501,false,22935,22995,22689,22843,22540,22600,22294,22448,78968,73861
2025-01-03,202501,false,22935,23108,22905,22977,22540,22713,22510,22582,62488,71366
2025-01-06,202501,false,23222,23620,23218,23606,22827,23225,22823,23211,71554,73696
2025-01-07,202501,false,23965,23990,23723,23742,23570,23595,23328,23347,60282,72125
2025-01-08,202501,false,23549,23649,23439,23449,23154,23254,23044,23054,57685,75245
2025-01-09,202501,false,23258,23410,23083,23099,22863,23015,22688,22704,61445,74063
2025-01-10,202501,false,23083,23141,22955,23058,22688,22746,22560,22663,66921,68891
2025-01-13,202501,false,22960,23008,22431,22540,22565,22613,22036,22145,125404,46700
2025-01-14,202502,true,22690,22833,22595,22824,22225,22368,22130,22359,34028,57401
2025-01-15,202502,false,22814,22821,22512,22515,22349,22356,22047,22050,40448,69986
2025-01-16,202502,false,23080,23217,22990,23035,22615,22752,22525,22570,72531,73986
2025-01-17,202502,false,23277,23318,22956,23188,22812,22853,22491,22723,65291,68511
2025-01-20,202502,false,23249,23417,23222,23343,22784,22952,22757,22878,44940,69976
2025-01-21,202502,false,23426,23432,23203,23361,22961,22967,22738,22896,54466,69026
2025-01-22,202502,false,23600,23719,23573,23689,23135,23254,23108,23224,53241,70561
2025-02-03,202502,false,22680,22817,22539,22596,22215,22352,22074,22131,84296,71520
2025-02-04,202502,false,22919,22945,22708,22825,22454,22480,22243,22360,58313,70096
2025-02-05,202502,false,23077,23284,23063,23137,22612,22819,22598,22672,58490,71331
2025-02-06,202502,false,23355,23379,23234,23295,22890,22914,22769,22830,39302,71292
2025-02-07,202502,false,23285,23465,23278,23428,22820,23000,22813,22963,38176,72754
2025-02-10,202502,false,23324,23366,23167,23236,22859,22901,22702,22771,53285,70257
2025-02-11,202502,false,23391,23503,23302,23334,22926,23038,22837,22869,48345,70316
2025-02-12,202502,false,23429,23536,23292,23311,22964,23071,22827,22846,50117,71120
2025-02-13,202502,false,23435,23460,23250,23401,22970,22995,22785,22936,46850,70651
2025-02-14,202502,false,23338,23349,23116,23180,22873,22884,22651,22715,62395,68771
2025-02-17,202502,false,23286,23540,23283,23506,22821,23075,22818,23041,81615,41481
2025-02-18,202503,true,23581,23665,23483,23652,23109,23193,23011,23180,29455,58010
2025-02-19,202503,false,23582,23695,23568,23610,23110,23223,23096,23138,32947,67747
2025-02-20,202503,false,23505,23564,23371,23536,23033,23092,22899,23064,58443,70449
2025-02-21,202503,false,23533,23761,23474,23743,23061,23289,23002,23271,54437,73602
2025-02-24,202503,false,23549,23564,23444,23556,23077,23092,22972,23084,48887,71659
2025-02-25,202503,false,23231,23345,23138,23295,22759,22873,22666,22823,60003,72911
2025-02-26,202503,false,23150,23421,23104,23417,22678,22949,22632,22945,59018,73697
2025-02-27,202503,false,23374,23434,23127,23189,22902,22962,22655,22717,68861,72728
2025-03-03,202503,false,22650,22797,22611,22724,22178,22325,22139,22252,78247,78397
2025-03-04,202503,false,22242,22668,22194,22588,21770,22196,21722,22116,84542,75369
2025-03-05,202503,false,22659,22927,22637,22892,22187,22455,22165,22420,67984,75373
2025-03-06,202503,false,22991,23017,22704,22762,22519,22545,22232,22290,56232,73607
2025-03-07,202503,false,22499,22685,22480,22523,22027,22213,22008,22051,54464,73308
2025-03-10,202503,false,22456,22547,22315,22446,21984,22075,21843,21974,65258,74605
2025-03-11,202503,false,21868,22085,21661,22027,21396,21613,21189,21555,87716,74438
2025-03-12,202503,false,22101,22345,22044,22234,21629,21873,21572,21762,67700,74512
2025-03-13,202503,false,22445,22475,21917,21923,21973,22003,21445,21451,76396,75560
2025-03-14,202503,false,22120,22131,21874,21962,21648,21659,21402,21490,73591,73816
2025-03-17,202503,false,22161,22312,22111,22155,21689,21840,21639,21683,91180,47768
2025-03-18,202504,true,22359,22380,22196,22249,21865,21886,21702,21755,35835,61366
2025-03-19,202504,false,22244,22262,21977,22018,21750,21768,21483,21524,45036,72749
2025-03-20,202504,false,22236,22417,22202,22365,21742,21923,21708,21871,62082,75891
2025-03-21,202504,false,22323,22377,22173,22181,21829,21883,21679,21687,59593,74124
2025-03-24,202504,false,22302,22399,22124,22151,21808,21905,21630,21657,53681,73844
2025-03-25,202504,false,22330,22443,22202,22301,21836,21949,21708,21807,64095,72654
2025-03-26,202504,false,22409,22429,22250,22304,21915,21935,21756,21810,53992,73536
2025-03-27,202504,false,22031,22052,21891,21971,21537,21558,21397,21477,60620,77260
2025-03-28,202504,false,21750,21795,21485,21599,21256,21301,20991,21105,79673,78618
2025-03-31,202504,false,20856,21065,20724,20764,20362,20571,20230,20270,103146,77322
2025-04-01,202504,false,21000,21271,20888,21187,20506,20777,20394,20693,81447,75350
2025-04-02,202504,false,21273,21360,21188,21296,20779,20866,20694,20802,66423,73424
2025-04-07,202504,false,19167,19167,19167,19167,18673,18673,18673,18673,2736,72153
2025-04-08,202504,false,18596,18754,18004,18169,18102,18260,17510,17675,152423,74145
2025-04-09,202504,false,17846,18286,17139,17184,17352,17792,16645,16690,176779,75040
2025-04-10,202504,false,18902,18902,18902,18902,18408,18408,18408,18408,2382,73614
2025-04-11,202504,false,18560,19566,18441,19543,18066,19072,17947,19049,132834,68917
2025-04-14,202504,false,19800,19982,19450,19497,19306,19488,18956,19003,129898,42611
2025-04-15,202505,true,19555,19803,19482,19778,19077,19325,19004,19300,41339,61771
2025-04-16,202505,false,19539,19622,19304,19349,19061,19144,18826,18871,52635,72455
2025-04-17,202505,false,19243,19406,19112,19367,18765,18928,18634,18889,79033,75353
2025-04-18,202505,false,19380,19432,19288,19334,18902,18954,18810,18856,43062,75346
2025-04-21,202505,false,19347,19368,19027,19099,18869,18890,18549,18621,60135,77958
2025-04-22,202505,false,18945,19035,18773,18803,18467,18557,18295,18325,69898,77935
2025-04-23,202505,false,19250,19596,19171,19558,18772,19118,18693,19080,76954,80243
2025-04-24,202505,false,19636,19682,19413,19460,19158,19204,18935,18982,58194,76921
2025-04-25,202505,false,19980,20008,19848,19873,19502,19530,19370,19395,66662,76739
2025-04-28,202505,false,19965,20053,19933,19965,19487,19575,19455,19487,44357,75569
2025-04-29,202505,false,19980,20207,19963,20155,19502,19729,19485,19677,57788,77121
2025-04-30,202505,false,20091,20268,20065,20154,19613,19790,19587,19676,58130,75177
2025-05-02,202505,false,20488,20710,20469,20682,20010,20232,19991,20204,61777,78333
2025-05-05,202505,false,20757,20796,20206,20423,20279,20318,19728,19945,97067,78398
2025-05-06,202505,false,20150,20483,20150,20345,19672,20005,19672,19867,69754,82061
2025-05-07,202505,false,20440,20560,20265,20377,19962,20082,19787,19899,73631,83188
2025-05-08,202505,false,20475,20695,20452,20578,19997,20217,19974,20100,63264,85049
2025-05-09,202505,false,20649,20872,20596,20845,20171,20394,20118,20367,67856,87495
2025-05-12,202505,false,21015,21134,20978,21073,20537,20656,20500,20595,58691,89150
2025-05-13,202505,false,21421,21520,21288,21355,20943,21042,20810,20877,61021,88220
2025-05-14,202505,false,21677,21787,21579,21772,21199,21309,21101,21294,59116,89341
2025-05-15,202505,false,21776,21810,21676,21695,21298,21332,21198,21217,45704,87724
2025-05-16,202505,false,21775,21878,21679,21823,21297,21400,21201,21345,55404,81711
2025-05-19,202506,true,21587,21620,21408,21437,21210,21243,21031,21060,45753,50667
2025-05-20,202506,false,21663,21663,21412,21459,21286,21286,21035,21082,45424,81538
2025-05-21,202506,false,21472,21747,21472,21683,21095,21370,21095,21306,44969,91948
2025-05-22,202506,false,21465,21550,21396,21499,21088,21173,21019,21122,48283,94839
2025-05-23,202506,false,21558,21640,21372,21466,21181,21263,20995,21089,51667,94058
2025-05-26,202506,false,21450,21569,21357,21381,21073,21192,20980,21004,56961,96104
2025-05-27,202506,false,21403,21438,21133,21221,21026,21061,20756,20844,61109,98345
2025-05-28,202506,false,21420,21512,21150,21250,21043,21135,20773,20873,69146,98298
2025-05-29,202506,false,21513,21616,21275,21317,21136,21239,20898,20940,76415,98813
2025-06-02,202506,false,20976,21049,20790,20870,20599,20672,20413,20493,66441,99450
2025-06-03,202506,false,21034,21221,20955,20974,20657,20844,20578,20597,64909,94985
2025-06-04,202506,false,21280,21533,21261,21479,20903,21156,20884,21102,61616,96663
2025-06-05,202506,false,21589,21677,21512,21554,21212,21300,21135,21177,46482,95433
2025-06-06,202506,false,21599,21630,21513,21566,21222,21253,21136,21189,37655,93993
2025-06-09,202506,false,21663,21788,21626,21719,21286,21411,21249,21342,43471,93256
2025-06-10,202506,false,21879,22236,21850,22116,21502,21859,21473,21739,70320,95418
2025-06-11,202506,false,22296,22355,22190,22344,21919,21978,21813,21967,53385,92578
2025-06-12,202506,false,22315,22329,22214,22253,21938,21952,21837,21876,43973,89914
2025-06-13,202506,false,21954,22139,21893,21940,21577,21762,21516,21563,87803,82391
2025-06-16,202507,true,21686,21717,21559,21692,21649,21680,21522,21655,51028,55179
2025-06-17,202507,false,21801,21906,21683,21791,21764,21869,21646,21754,49873,86337
2025-06-18,202507,false,21714,21962,21694,21931,21677,21925,21657,21894,40655,94806
2025-06-19,202507,false,21820,21857,21675,21703,21783,21820,21638,21666,52900,94618
2025-06-20,202507,false,21635,21743,21470,21650,21598,21706,21433,21613,67982,94668
2025-06-23,202507,false,21350,21484,21205,21472,21313,21447,21168,21435,72002,95600
2025-06-24,202507,false,21770,21966,21764,21959,21733,21929,21727,21922,69758,96864
2025-06-25,202507,false,22138,22168,22017,22163,22101,22131,21980,22126,49936,98944
2025-06-26,202507,false,22161,22263,22078,22115,22124,22226,22041,22078,59606,103211
2025-06-27,202507,false,22197,22221,21989,22122,22160,22184,21952,22085,60785,104644
2025-06-30,202507,false,22239,22254,22083,22144,22202,22217,22046,22107,50980,105186
2025-07-01,202507,false,22197,22593,22191,22352,22160,22556,22154,22315,86050,107188
2025-07-02,202507,false,22298,22401,22208,22393,22261,22364,22171,22356,47593,105700
2025-07-03,202507,false,22568,22716,22547,22680,22531,22679,22510,22643,53951,105475
2025-07-04,202507,false,22739,22762,22431,22436,22702,22725,22394,22399,56506,103430
2025-07-07,202507,false,22349,22506,22244,22328,22312,22469,22207,22291,61023,103756
2025-07-08,202507,false,22353,22397,22141,22258,22316,22360,22104,22221,63578,102521
2025-07-09,202507,false,22250,22473,22146,22434,22213,22436,22109,22397,57715,102304
2025-07-10,202507,false,22470,22647,22410,22607,22433,22610,22373,22570,58504,99658
2025-07-11,202507,false,22519,22774,22488,22767,22482,22737,22451,22730,62637,94213
2025-07-14,202507,false,22670,22695,22520,22547,22633,22658,22483,22510,90014,56475
2025-07-15,202508,true,22382,22734,22367,22669,22480,22832,22465,22767,55753,90898
2025-07-16,202508,false,22704,22998,22701,22917,22802,23096,22799,23015,42855,99502
2025-07-17,202508,false,22958,23150,22866,23137,23056,23248,22964,23235,60136,101922
2025-07-18,202508,false,23350,23399,23230,23260,23448,23497,23328,23358,51164,97291
2025-07-21,202508,false,23234,23301,23172,23220,23332,23399,23270,23318,40802,94889
2025-07-22,202508,false,23241,23406,22977,22996,23339,23504,23075,23094,77037,95637
2025-07-23,202508,false,23006,23258,23000,23184,23104,23356,23098,23282,63250,96205
2025-07-24,202508,false,23400,23408,23229,23303,23498,23506,23327,23401,46341,95050
2025-07-25,202508,false,23264,23328,23207,23237,23362,23426,23305,23335,43044,95497
2025-07-28,202508,false,23368,23483,23265,23385,23466,23581,23363,23483,55104,94908
2025-07-29,202508,false,23326,23359,23027,23151,23424,23457,23125,23249,73363,91715
2025-07-30,202508,false,23213,23421,23198,23359,23311,23519,23296,23457,72116,91069
2025-07-31,202508,false,23497,23621,23355,23584,23595,23719,23453,23682,66444,91643
2025-08-01,202508,false,23064,23442,23048,23345,23162,23540,23146,23443,69641,87973
2025-08-04,202508,false,23108,23300,23032,23272,23206,23398,23130,23370,55560,88001
2025-08-05,202508,false,23446,23584,23421,23577,23544,23682,23519,23675,52372,89813
2025-08-06,202508,false,23423,23483,23381,23417,23521,23581,23479,23515,45239,86040
2025-08-07,202508,false,23660,24054,23653,23997,23758,24152,23751,24095,71465,88584
2025-08-08,202508,false,24091,24095,23947,23953,24189,24193,24045,24051,42140,85806
2025-08-11,202508,false,23973,24223,23833,24148,24071,24321,23931,24246,62090,84207
2025-08-12,202508,false,24155,24241,24088,24142,24253,24339,24186,24240,53748,82714
2025-08-13,202508,false,24298,24412,24154,24343,24396,24510,24252,24441,71303,82242
2025-08-14,202508,false,24337,24362,24207,24252,24435,24460,24305,24350,46241,80505
2025-08-15,202508,false,24282,24385,24188,24297,24380,24483,24286,24395,64076,71601
2025-08-18,202508,false,24199,24462,24176,24424,24297,24560,24274,24522,86686,45335
2025-08-19,202509,true,24361,24422,24280,24288,24517,24578,24436,24444,35485,65122
2025-08-20,202509,false,24100,24140,23613,23661,24256,24296,23769,23817,64312,77044
2025-08-21,202509,false,23729,23943,23691,23852,23885,24099,23847,24008,63709,78314
2025-08-22,202509,false,23877,23982,23732,23750,24033,24138,23888,23906,56030,79917
2025-08-25,202509,false,24120,24314,24070,24255,24276,24470,24226,24411,63108,79500
2025-08-26,202509,false,24143,24281,24090,24255,24299,24437,24246,24411,53798,78136
2025-08-27,202509,false,24350,24496,24331,24464,24506,24652,24487,24620,51154,79386
2025-08-28,202509,false,24358,24420,24203,24224,24514,24576,24359,24380,62184,77692
2025-08-29,202509,false,24401,24453,24246,24268,24557,24609,24402,24424,56576,76941
2025-09-01,202509,false,24120,24245,23847,24007,24276,24401,24003,24163,82254,77422
2025-09-02,202509,false,24083,24249,23879,23972,24239,24405,24035,24128,78953,77919
2025-09-03,202509,false,23966,24083,23888,23997,24122,24239,24044,24153,57816,78405
2025-09-04,202509,false,24195,24365,24113,24130,24351,24521,24269,24286,78433,77307
2025-09-05,202509,false,24363,24429,24286,24424,24519,24585,24442,24580,55821,77754
2025-09-08,202509,false,24588,24674,24518,24556,24744,24830,24674,24712,58765,77312
2025-09-09,202509,false,24725,24838,24660,24803,24881,24994,24816,24959,56977,79446
2025-09-10,202509,false,24970,25244,24961,25176,25126,25400,25117,25332,70661,81079
2025-09-11,202509,false,25386,25464,25176,25233,25542,25620,25332,25389,73339,80304
2025-09-12,202509,false,25418,25466,25350,25458,25574,25622,25506,25614,55444,73194
2025-09-15,202509,false,25404,25450,25269,25347,25560,25606,25425,25503,89375,40730
2025-09-16,202510,true,25439,25665,25416,25635,25585,25811,25562,25781,39771,60971
2025-09-17,202510,false,25575,25596,25441,25473,25721,25742,25587,25619,33472,67628
2025-09-18,202510,false,25623,25747,25490,25712,25769,25893,25636,25858,60615,71532
2025-09-19,202510,false,25850,25853,25636,25670,25996,25999,25782,25816,59278,71778
2025-09-22,202510,false,25756,25941,25689,25893,25902,26087,25835,26039,57516,72252
2025-09-23,202510,false,26058,26328,26023,26263,26204,26474,26169,26409,77069,73045
2025-09-24,202510,false,26376,26393,26072,26234,26522,26539,26218,26380,71446,70919
2025-09-25,202510,false,26191,26283,26087,26095,26337,26429,26233,26241,55994,69269
2025-09-26,202510,false,25944,25991,25500,25660,26090,26137,25646,25806,95718,68993
2025-09-30,202510,false,25800,26046,25797,25953,25946,26192,25943,26099,58862,68612
2025-10-01,202510,false,26094,26375,26000,26043,26240,26521,26146,26189,77280,68183
2025-10-02,202510,false,26459,26527,26381,26424,26605,26673,26527,26570,57057,69805
2025-10-03,202510,false,26480,26764,26388,26736,26626,26910,26534,26882,68029,71284
2025-10-07,202510,false,27202,27356,26995,27317,27348,27502,27141,27463,70532,71648
2025-10-08,202510,false,27061,27127,26912,27093,27207,27273,27058,27239,58514,69901
2025-10-09,202510,false,27440,27455,27273,27338,27586,27601,27419,27484,71155,67679
2025-10-13,202510,false,26450,26945,26390,26915,26596,27091,26536,27061,112620,41428
2025-10-14,202511,true,27309,27493,26762,26770,27410,27594,26863,26871,49859,53868
2025-10-15,202511,false,26878,27300,26821,27289,26979,27401,26922,27390,50492,61267
2025-10-16,202511,false,27545,27877,27450,27818,27646,27978,27551,27919,93889,64988
2025-10-17,202511,false,27251,27545,27244,27328,27352,27646,27345,27429,70093,65454
2025-10-20,202511,false,27444,27824,27432,27780,27545,27925,27533,27881,75805,66733
2025-10-21,202511,false,27900,28036,27798,27831,28001,28137,27899,27932,73065,67357
2025-10-22,202511,false,27690,27797,27526,27708,27791,27898,27627,27809,77497,64052
2025-10-23,202511,false,27385,27629,27313,27556,27486,27730,27414,27657,58000,63279
2025-10-27,202511,false,28284,28291,28079,28219,28385,28392,28180,28320,60960,64355
2025-10-28,202511,false,28233,28250,27984,28005,28334,28351,28085,28106,58805,64509
2025-10-29,202511,false,28225,28446,28203,28414,28326,28547,28304,28515,59854,66115
2025-10-30,202511,false,28430,28552,28181,28399,28531,28653,28282,28500,79008,65284
2025-10-31,202511,false,28478,28588,28378,28430,28579,28689,28479,28531,66689,66350
2025-11-03,202511,false,28380,28583,28229,28341,28481,28684,28330,28442,71870,67082
2025-11-04,202511,false,28410,28594,28113,28119,28511,28695,28214,28220,87286,67053
2025-11-05,202511,false,27710,27850,27415,27808,27811,27951,27516,27909,112619,68021
2025-11-06,202511,false,28010,28141,27903,28034,28111,28242,28004,28135,69013,67626
2025-11-07,202511,false,27777,27838,27596,27721,27878,27939,27697,27822,78246,67248
2025-11-10,202511,false,27777,28039,27718,28016,27878,28140,27819,28117,70027,67200
2025-11-11,202511,false,28149,28180,27762,27780,28250,28281,27863,27881,68312,66600
2025-11-12,202511,false,27889,28078,27858,28059,27990,28179,27959,28160,59591,67622
2025-11-13,202511,false,28038,28044,27802,27978,28139,28145,27903,28079,69907,65717
2025-11-14,202511,false,27510,27596,27366,27404,27611,27697,27467,27505,75965,66940
2025-11-17,202511,false,27570,27690,27465,27481,27671,27791,27566,27582,105151,38590
2025-11-18,202512,true,27129,27279,26786,26822,27222,27372,26879,26915,47229,56490
2025-11-19,202512,false,26801,26919,26559,26606,26894,27012,26652,26699,51969,66420
2025-11-20,202512,false,27308,27492,27201,27484,27401,27585,27294,27577,86253,67010
2025-11-21,202512,false,26750,26770,26397,26476,26843,26863,26490,26569,94807,72140
2025-11-24,202512,false,26705,26730,26536,26614,26798,26823,26629,26707,64017,72691
2025-11-25,202512,false,27055,27105,26773,26933,27148,27198,26866,27026,65279,71578
2025-11-26,202512,false,27188,27384,27133,27339,27281,27477,27226,27432,65611,75477
2025-11-27,202512,false,27518,27649,27461,27579,27611,27742,27554,27672,61470,73249
2025-11-28,202512,false,27590,27854,27558,27737,27683,27947,27651,27830,59543,73818
2025-12-01,202512,false,27650,27674,27401,27406,27743,27767,27494,27499,64629,71269
2025-12-02,202512,false,27674,27789,27528,27559,27767,27882,27621,27652,56480,70686
2025-12-03,202512,false,27808,27888,27690,27760,27901,27981,27783,27853,54873,71057
2025-12-04,202512,false,27841,27880,27670,27798,27934,27973,27763,27891,49647,71290
2025-12-05,202512,false,27792,28019,27763,28010,27885,28112,27856,28103,57889,73290
2025-12-08,202512,false,28054,28298,28019,28284,28147,28391,28112,28377,46283,74455
2025-12-09,202512,false,28350,28360,28204,28217,28443,28453,28297,28310,41059,73380
2025-12-10,202512,false,28279,28434,28252,28400,28372,28527,28345,28493,52229,74077
2025-12-11,202512,false,28600,28602,28059,28101,28693,28695,28152,28194,76960,73166
2025-12-12,202512,false,28266,28342,28157,28290,28359,28435,28250,28383,55172,69510
2025-12-15,202512,false,27834,27984,27755,27910,27927,28077,27848,28003,78935,46562
2025-12-16,202601,true,27731,27779,27504,27728,27731,27779,27504,27728,44884,57520
2025-12-17,202601,false,27714,27858,27591,27689,27714,27858,27591,27689,43856,66332
2025-12-18,202601,false,27500,27679,27457,27598,27500,27679,27457,27598,66879,70943
2025-12-19,202601,false,27800,27983,27795,27897,27800,27983,27795,27897,64331,71847
2025-12-22,202601,false,28256,28368,28170,28341,28256,28368,28170,28341,52684,73240
2025-12-23,202601,false,28392,28455,28359,28415,28392,28455,28359,28415,38940,72941
2025-12-24,202601,false,28565,28577,28400,28467,28565,28577,28400,28467,37086,74207
2025-12-26,202601,false,28595,28714,28536,28677,28595,28714,28536,28677,44249,75964
2025-12-29,202601,false,28749,28998,28713,28940,28749,28998,28713,28940,49289,77251
2025-12-30,202601,false,28777,28942,28705,28875,28777,28942,28705,28875,45027,75004
2025-12-31,202601,false,28842,29053,28782,29014,28842,29053,28782,29014,53098,72855
